"word","translation","transcription","level","lang"
爱,"любовь; любить; любимый",ài,A1,zh
八,"восемь; восьмой",bā,A1,zh
爸爸,папа,bàba,A1,zh
杯子,"чашка, кружка, стакан",bēizi,A1,zh
北京,Пекин,Běijīng,A1,zh
本,корень; счётное слово; счётное слово для растений и книг,běn,A1,zh
不客气,не стесняйтесь,búkèqi,A1,zh
不,"нет, не",bù,A1,zh
菜,"овощи, блюдо, пища",cài,A1,zh
茶,чай,chá,A1,zh
吃,"кушать, есть",chī,A1,zh
出租车,такси,chūzūchē,A1,zh
打电话,"звонить по телефону, звонить",dǎ diànhuà,A1,zh
大,"большой, великий, крупный",dà,A1,zh
的,"суффикс прилагательного, суффикс притяжательности, делает своим, делает чьим-то",de,A1,zh
点,"капля, немножко, точка, запятая, час, момент времени",diǎn,A1,zh
电脑,компьютер,diàn nǎo,A1,zh
电视,"телевидение, телевизионный, телевизор",diàn shì,A1,zh
电影,"кино, кинофильм",diàn yǐng,A1,zh
东西,"вещь, предмет",dōngxi,A1,zh
都,"все, всё",dōu,A1,zh
读,"читать, зачитывать; заучивать",dú,A1,zh
对不起,"виноват, простите, извините",duì bu qǐ,A1,zh
多,"много, многочисленный, свыше",duō,A1,zh
多少,сколько? как много?,duō shao,A1,zh
儿子,сын,érzi,A1,zh
二,"два, второй",èr,A1,zh
饭馆,"ресторан, столовая",fàn guǎn,A1,zh
飞机,самолёт,fēijī,A1,zh
分钟,минута,fēn zhōng,A1,zh
高兴,"радоваться, радостный",gāo xìng,A1,zh
个,"универсальное счётное слово; счётное слово, отдельный, индивидуальный; штука; этот",gè,A1,zh
工作,"работать, работа",gōng zuò,A1,zh
狗,"собака, собачий",gǒu,A1,zh
汉语,"китайский язык, китайский",hànyǔ,A1,zh
好,"хороший, хорошо, приятный, удобный",hǎo,A1,zh
喝,пить,hē,A1,zh
和,"мирный; и; с",hé,A1,zh
很,"очень, весьма",hěn,A1,zh
后面,"задняя сторона, зад, позади, сзади, задний",hòumiàn,A1,zh
回,возвращаться,huí,A1,zh
会,"уметь, мочь, владеть; собрание, заседание",huì,A1,zh
火车站,"вокзал, железнодорожная станция",huǒ chē zhàn,A1,zh
几,"сколько?, несколько, немного",jǐ,A1,zh
家,"семья, семейство, дом, домашний",jiā,A1,zh
叫,"кричать, крик, звать, подзывать, вызывать",jiào,A1,zh
今天,"сегодня, нынешний день",jīntiān,A1,zh
九,"девять, девятый",jiǔ,A1,zh
开,"открывать, управлять, вести, включать",kāi,A1,zh
看,"смотреть, читать, навестить",kàn,A1,zh
看见,"увидеть, видеть, рассмотреть",kànjiàn,A1,zh
块,"счётное слово для основных денежных единиц, счётное слово; кусок, глыба",kuài,A1,zh
来,"приходить, прибывать, приезжать, приехать",lái,A1,zh
老师,"учитель, преподаватель",lǎoshī,A1,zh
了,"глагольный суффикс завершённости действия, завершённость действия",le,A1,zh
冷,"холодный, холодно, холод",lěng,A1,zh
里,"внутри, в",lǐ,A1,zh
零,"ноль, нулевой",líng,A1,zh
六,"шесть, шестой",liù,A1,zh
妈妈,мама,māma,A1,zh
吗,"фразовая частица, выражающая вопрос, вопросительная частица",ma,A1,zh
买,"покупать, приобретать, купить",mǎi,A1,zh
猫,кошка,māo,A1,zh
没,"отрицательная частица, нет, не иметь",méi,A1,zh
没关系,"неважно, ничего, пустяки",méi guānxi,A1,zh
米饭,варёный рис,mǐfàn,A1,zh
明天,"завтра, завтрашний день",míng tiān,A1,zh
名字,"имя, кличка",míngzi,A1,zh
哪,"какой, который",nǎ,A1,zh
那,"тот, то, тогда, в таком случае",nà,A1,zh
呢,"вопросительная частица «же», же, утвердительная частица «ведь», ведь",ne,A1,zh
能,"способный, способность; мочь, быть в состоянии",néng,A1,zh
你,"ты, вы, твой, ваш",nǐ,A1,zh
年,"год, годы",nián,A1,zh
女儿,дочь,nǚ’er,A1,zh
朋友,"друг, товарищ",péng you,A1,zh
漂亮,красивый,piào liang,A1,zh
苹果,яблоко,píng guǒ,A1,zh
七,"семь, седьмой",qī,A1,zh
钱,деньги,qián,A1,zh
前面,"перед, впереди, выше, раньше",qiánmiàn,A1,zh
请,"просить, пожалуйста, приглашать",qǐng,A1,zh
去,"уходить, отправляться, идти",qù,A1,zh
热,"горячий, увлечение, мода",rè,A1,zh
人,человек,rén,A1,zh
认识,"знать, быть знакомым, знакомиться",rènshi,A1,zh
日,"солнце, солнечный, день, число, дата",rì,A1,zh
三,"три, третий",sān,A1,zh
商店,магазин,shāng diàn,A1,zh
上,"верх, прошлый, на, в",shàng,A1,zh
上午,до полудня,shàng wǔ,A1,zh
少,"мало, немного редко",shǎo,A1,zh
谁,"кто, кого, чей",shuí,A1,zh
什么,"что?, что такое?, какой?, как?",shénme,A1,zh
十,"десять, десятый",shí,A1,zh
时候,"время, промежуток времени, во время",shíhou,A1,zh
是,"есть, быть, являться; да, правда",shì,A1,zh
书,книга,shū,A1,zh
水,"вода, водяной, гидро",shuǐ,A1,zh
水果,"фрукты, фруктовый",shuǐguǒ,A1,zh
睡觉,спать,shuì jiào,A1,zh
说话,"говорить, разговаривать",shuōhuà,A1,zh
四,"четыре, четвёртый",sì,A1,zh
岁,"годы, лета",suì,A1,zh
他,"он, его",tā,A1,zh
她,"она, её",tā,A1,zh
太,"слишком, чересчур, чрезвычайно",tài,A1,zh
天气,"погода, климат",tiānqì,A1,zh
听,слушать,tīng,A1,zh
同学,"соученик, одноклассник",tóng xué,A1,zh
喂,"кормить; алло, эй!",wèi,A1,zh
我,"я, мой, наш",wǒ,A1,zh
我们,"мы, наш",wǒmen,A1,zh
五,"пять, пятый",wǔ,A1,zh
喜欢,"нравиться, любить",xǐhuan,A1,zh
下,"нижний, низ; предлог под, при; следующий",xià,A1,zh
下午,"вторая половина дня, после полудня",xiàwǔ,A1,zh
下雨,"идёт дождь, стоит дождливая погода",xiàyǔ,A1,zh
先生,"господин, мистер",xiān sheng,A1,zh
现在,"теперь, сейчас, ныне",xiàn zài,A1,zh
想,"думать, собираться, хотеть",xiǎng,A1,zh
小,"маленький, мелкий, малый, молодой, младший",xiǎo,A1,zh
小姐,"барышня, мисс",xiǎojie,A1,zh
些,"немного, несколько",xiē,A1,zh
写,"писать, записывать, описывать",xiě,A1,zh
谢谢,"спасибо, благодарю, благодарить",xièxie,A1,zh
星期,неделя,xīngqī,A1,zh
学生,"студент, ученик, учащийся",xué sheng,A1,zh
学习,"учиться, обучаться; обучение, учёба",xuéxí,A1,zh
学校,"школа, учебное заведение, училище",xuéxiào,A1,zh
一,"один, единица, первый",yī,A1,zh
衣服,"одежда, платье, костюм",yīfu,A1,zh
医生,"врач, доктор",yī sheng,A1,zh
医院,"больница, госпиталь",yī yuàn,A1,zh
椅子,"стул, кресло",yǐzi,A1,zh
有,"иметь(ся), иметь в наличии, обладать, есть",yǒu,A1,zh
月,"луна, месяц",yuè,A1,zh
在,"быть в живых, существовать; находиться; в, на",zài,A1,zh
再见,до свидания,zài jiàn,A1,zh
怎么,"как?, каким образом?",zěnme,A1,zh
怎么样,"как, каким образом; каков; как насчёт?",zěn me yàng,A1,zh
这,"это, этот",zhè,A1,zh
中国,"Китай, китайский",zhōng guó,A1,zh
中午,полдень,zhōng wǔ,A1,zh
住,"жить, проживать",zhù,A1,zh
桌子,стол,zhuōzi,A1,zh
字,"иероглиф, слово",zì,A1,zh
昨天,"вчера, вчерашний день",zuó tiān,A1,zh
坐,"сидеть, садиться, ехать в",zuò,A1,zh
做,"делать, изготавливать; быть кем-либо; писать",zuò,A1,zh
а,"啊, 但",a,A1,ru
август,八月，八月份,avgust,A1,ru
автобус,公共汽车，巴士，公车,avtobus,A1,ru
автомобиль,汽车，车，車輛,avtomobil,A1,ru
автор,作者,avtor,A1,ru
адрес,地址，住址，址,adres,A1,ru
адресат,收件人,adresat,A1,ru
азбука,字母表,azbuka,A1,ru
азиатский,亚洲的，亚洲人,aziatskiy,A1,ru
Азия,亚洲,Aziya,A1,ru
актер,演员,akter,A1,ru
актриса,女演员,aktrisa,A1,ru
аллергия,过敏,allergiya,A1,ru
алфавит,字母表,alfavit,A1,ru
Америка,美国,Amerika,A1,ru
американец,美国人,amerikanets,A1,ru
американский,美国的,amerikanskiy,A1,ru
английский,英语,angliyskiy,A1,ru
англичанин,英国人,anglichanin,A1,ru
анкета,问卷，表格，问卷调查,anketa,A1,ru
апельсин,橙子，橙色，橙,apelsin,A1,ru
апрель,四月，四月份,aprel,A1,ru
аптека,药店，药房，药局,apteka,A1,ru
араб,阿拉伯人,arab,A1,ru
арабский,阿拉伯语,arabskiy,A1,ru
артист,艺术家,artist,A1,ru
Африка,非洲,Afrika,A1,ru
африканский,非洲的,afrikanskiy,A1,ru
аэропорт,机场，飞机场,aeroport,A1,ru
бабушка,奶奶，祖母，老太太，老奶奶，老妇人,babushka,A1,ru
балет,芭蕾舞,balet,A1,ru
банан,香蕉,banan,A1,ru
банк,银行,bank,A1,ru
банкомат,自动取款机，提款机，自动柜员机，取款机,bankomat,A1,ru
баскетбол,篮球,basketbol,A1,ru
бассейн,游泳池,basseyn,A1,ru
бегать,跑步，奔跑,begat,A1,ru
бедный,贫穷的，穷人,bednyy,A1,ru
бежать,跑，奔跑，逃跑,bezhat,A1,ru
без,没有,bez,A1,ru
Беларусь,白俄罗斯,Belarus,A1,ru
Белоруссия,白俄罗斯,Belorussiya,A1,ru
белорусский,白俄罗斯语,belorusskiy,A1,ru
белый,白色的，白色,belyy,A1,ru
библиотека,图书馆,biblioteka,A1,ru
билет,票，门票,bilet,A1,ru
близкий,亲密的，关闭的，近的,blizkiy,A1,ru
близко,近，密切关注，靠近，不远,blizko,A1,ru
блюдо,菜,blyudo,A1,ru
богатый,富有的，富裕，富有,bogatyy,A1,ru
бок,边，侧边，侧,bok,A1,ru
болеть,生病，疼痛,bolet,A1,ru
боль,疼痛,bol,A1,ru
больница,医院,bolnitsa,A1,ru
больно,疼,bolno,A1,ru
больной,病人,bolnoy,A1,ru
больше,更多,bolshe,A1,ru
большой,大的，大,bolshoy,A1,ru
ботинок,靴子，皮鞋,botinok,A1,ru
брат,兄弟,brat,A1,ru
брать,拿，取，乘坐,brat,A1,ru
британский,英国的,britanskiy,A1,ru
бриться,刮胡子，剃须,britsya,A1,ru
брюки,裤子,bryuki,A1,ru
буква,字母，信,bukva,A1,ru
бумага,纸,bumaga,A1,ru
бутерброд,三明治,buterbrod,A1,ru
бутылка,瓶子，瓶,butylka,A1,ru
быстро,快,bystro,A1,ru
быстрый,快的，快速,bystryy,A1,ru
быть,是,byt,A1,ru
в,在，里,v,A1,ru
важно,重要,vazhno,A1,ru
важный,重要的,vazhnyy,A1,ru
ванна,浴缸，浴池,vanna,A1,ru
ванная,浴室,vannaya,A1,ru
ваш,您的，你们的,vash,A1,ru
вдова,寡妇,vdova,A1,ru
вдовец,鳏夫,vdovets,A1,ru
вежливо,礼貌地,vezhlivo,A1,ru
вежливый,礼貌的，有礼貌的,vezhlivyy,A1,ru
велосипед,自行车,velosiped,A1,ru
верно,对,verno,A1,ru
верх,上,verkh,A1,ru
весна,春天,vesna,A1,ru
вечер,晚上,vecher,A1,ru
вещь,东西，物品，事情,veshch,A1,ru
взрослый,成年人,vzroslyy,A1,ru
вид спорта,体育项目,vid sporta,A1,ru
видео,视频,video,A1,ru
видеть,看见，看到,videt,A1,ru
виза,签证,viza,A1,ru
вилка,叉子，叉,vilka,A1,ru
вино,酒，葡萄酒,vino,A1,ru
виноград,葡萄,vinograd,A1,ru
виски,威士忌,viski,A1,ru
включать,打开，开启，包括,vklyuchat,A1,ru
вкусный,好吃的，美味的，可口,vkusnyy,A1,ru
внимание,注意,vnimanie,A1,ru
внук,孙子,vnuk,A1,ru
внучка,孙女,vnuchka,A1,ru
вода,水,voda,A1,ru
водитель,司机,voditel,A1,ru
водительские права,驾驶证，驾驶执照,voditelskiye prava,A1,ru
водка,伏特加,vodka,A1,ru
возраст,年龄,vozrast,A1,ru
волейбол,排球,voleybol,A1,ru
волос,头发,volos,A1,ru
вопрос,问题,vopros,A1,ru
вопросительный,疑问的,voprositelnyy,A1,ru
воровать,偷，偷窃,vorovat,A1,ru
восемнадцать,十八,vosemnadtsat,A1,ru
восемь,八,vosem,A1,ru
восемьдесят,八十,vosemdesyat,A1,ru
восемьсот,八百,vosemsot,A1,ru
восклицательный,感叹的,vosklitsatelnyy,A1,ru
воскресенье,星期日,voskresene,A1,ru
восток,东，东方,vostok,A1,ru
вот,这，这里，这就是,vot,A1,ru
врач,医生,vrach,A1,ru
время,时间,vremya,A1,ru
время года,季节,vremya goda,A1,ru
все,都，所有，大家,vse,A1,ru
вторник,星期二,vtornik,A1,ru
вход,入口,vhod,A1,ru
входить,进入,vkhodit,A1,ru
вчера,昨天,vchera,A1,ru
въезд,入口，入境,vyezd,A1,ru
вы,您，你们,vy,A1,ru
выбирать,选择，挑选,vybirat,A1,ru
выезд,出口,vyezd,A1,ru
выключатель,开关,vyklyuchatel,A1,ru
выключать,关闭，开关,vyklyuchat,A1,ru
высокий,高的，高,vysokiy,A1,ru
выучивать,学习，记住,vyuchivat,A1,ru
выход,出口,vykhod,A1,ru
выходить,出去，离开，结果是,vykhodit,A1,ru
выходной день,休息日，周末,vykhodnoy den,A1,ru
где,哪里,gde,A1,ru
гель,凝胶,gel,A1,ru
Германия,德国,Germaniya,A1,ru
глагол,动词,glagol,A1,ru
глаз,眼睛，目,glaz,A1,ru
гласный,元音,glasnyy,A1,ru
говорить,说话，说，讲,govorit,A1,ru
год,年,god,A1,ru
голландский,荷兰语,gollandskiy,A1,ru
голова,头,golova,A1,ru
головная боль,头痛,golovnaya bol,A1,ru
головной,头部的,golovnoy,A1,ru
голодный,饿的，饥饿，饿,golodnyy,A1,ru
голубой,蓝色,goluboy,A1,ru
город,城市,gorod,A1,ru
горячий,热的,goryachiy,A1,ru
господин,先生,gospodin,A1,ru
госпожа,女士，夫人,gospozha,A1,ru
гость,客人,gost,A1,ru
готовить,做饭，准备,gotovit,A1,ru
гражданин,公民,grazhdanin,A1,ru
гражданка,女公民,grazhdanka,A1,ru
грамм,克,gramm,A1,ru
грек,希腊人,grek,A1,ru
громкий,大声的,gromkiy,A1,ru
громко,大声地,gromko,A1,ru
группа,组，集团，队，乐队,gruppa,A1,ru
груша,梨,grusha,A1,ru
гулять,散步，走路，闲逛,gulyat,A1,ru
да,是,da,A1,ru
давать,给,davat,A1,ru
далеко,远，远远,daleko,A1,ru
дарить,送，赠送,darit,A1,ru
дата,日期,data,A1,ru
два,二,dva,A1,ru
двадцать,二十,dvadtsat,A1,ru
двенадцать,十二,dvenadtsat,A1,ru
дверь,门,dver,A1,ru
двести,二百,dvesti,A1,ru
девочка,女孩,devochka,A1,ru
девушка,女，姑娘，少女,devushka,A1,ru
девяносто,九十,devyanosto,A1,ru
девятнадцать,十九,devyatnadtsat,A1,ru
девять,九,devyat,A1,ru
девятьсот,九百,devyatsot,A1,ru
дедушка,爷爷，祖父,dedushka,A1,ru
декабрь,十二月,dekabr,A1,ru
делать,做,delat,A1,ru
день,天，日,den,A1,ru
день недели,星期，平日,den nedeli,A1,ru
день рождения,生日,den rozhdeniya,A1,ru
деньги,钱,dengi,A1,ru
десять,十,desyat,A1,ru
дети,孩子，儿童,deti,A1,ru
дешево,便宜,deshevo,A1,ru
дешевый,便宜的,deshevyy,A1,ru
джинсы,牛仔裤,dzhinsy,A1,ru
диалог,对话，对白,dialog,A1,ru
диван,沙发,divan,A1,ru
длина,长度,dlina,A1,ru
длинный,长的,dlinnyy,A1,ru
для,为了，为,dlya,A1,ru
до свидания,再见,do svidaniya,A1,ru
добро пожаловать,欢迎，欢迎您,dobro pozhalovat,A1,ru
дождь,雨,dozhd,A1,ru
доктор,医生,doktor,A1,ru
документ,文件,dokument,A1,ru
долго,久，长时间,dolgo,A1,ru
должен,应该，必须,dolzhen,A1,ru
доллар,美元,dollar,A1,ru
дом,家，房子,dom,A1,ru
дома,在家，在家里,doma,A1,ru
домашнее задание,家庭作业，作业,domashneye zadanie,A1,ru
дорого,贵，昂贵,dorogo,A1,ru
дорогой,贵的,dorogoy,A1,ru
доска,板，黑板，滑雪板,doska,A1,ru
дочь,女儿,doch,A1,ru
друг,朋友,drug,A1,ru
другой,另一个，别的，其他,drugoy,A1,ru
дружба,友谊,druzhba,A1,ru
думать,想，思考,dumat,A1,ru
душ,淋浴,dush,A1,ru
дядя,叔叔，叔父,dyadya,A1,ru
евро,欧元,yevro,A1,ru
Европа,欧洲,Yevropa,A1,ru
европеец,欧洲人,yevropeyets,A1,ru
европейский,欧洲的,yevropeyskiy,A1,ru
его,他的,yego,A1,ru
еда,食物，餐食,yeda,A1,ru
ее,她的,yeye,A1,ru
ей,给她，她,yey,A1,ru
есть,吃,yest,A1,ru
ехать,去,yekhat,A1,ru
еще раз,再，再一次,yeshche raz,A1,ru
жарко,热,zharko,A1,ru
ждать,等待，等，等到,zhdat,A1,ru
желтый,黄色,zheltyy,A1,ru
жена,妻子,zhena,A1,ru
женатый,已婚的,zhenatyy,A1,ru
женский,女性的，女,zhenskiy,A1,ru
женщина,女人,zhenshchina,A1,ru
живот,肚子，胃,zhivot,A1,ru
жизнь,生活,zhizn,A1,ru
жить,住,zhit,A1,ru
забывать,忘记，忘了,zabyvat,A1,ru
завтра,明天,zavtra,A1,ru
завтрак,早餐，早饭,zavtrak,A1,ru
завтракать,吃早餐,zavtrakat,A1,ru
задавать,提出，布置,zadavat,A1,ru
задание,任务,zadanie,A1,ru
закрывать,关闭,zakryvat,A1,ru
закрыто,关闭,zakryto,A1,ru
замужем,已婚,zamuzhem,A1,ru
заниматься,学习，从事，做,zanimatsya,A1,ru
занятие,课程,zanyatiye,A1,ru
запад,西,zapad,A1,ru
заплатить,支付，付钱，付,zaplatit,A1,ru
заполнять,填写，填满,zapolnyat,A1,ru
запоминать,记住,zapominat,A1,ru
запрещаться,禁止,zapreshchatsya,A1,ru
запятая,逗号,zapyataya,A1,ru
засыпать,睡觉，入睡,zasypat,A1,ru
захотеть,想要,zakhotet,A1,ru
звук,声音,zvuk,A1,ru
здесь,这里，这儿，在此,zdes,A1,ru
здороваться,"打招呼, 问好, 招呼",zdorovat'sya,A1,ru
здоровый,健康的,zdorovyy,A1,ru
здравствовать,你好,zdravstvovat,A1,ru
зеленый,绿色,zelenyy,A1,ru
зима,冬天,zima,A1,ru
знак,符号,znak,A1,ru
знать,知道,znat,A1,ru
значить,意思，意味着,znachit,A1,ru
зуб,牙齿,zub,A1,ru
зубная паста,牙膏,zubnaya pasta,A1,ru
зубная щетка,牙刷,zubnaya shchetka,A1,ru
зубной,牙的,zubnoy,A1,ru
и,和,i,A1,ru
игра,游戏,igra,A1,ru
играть,玩,igrat,A1,ru
идет дождь,下雨,idyot dozhd,A1,ru
идет снег,下雪,idyot sneg,A1,ru
идти,去，走,idti,A1,ru
из,从,iz,A1,ru
извините,对不起,izvinite,A1,ru
или,或者,ili,A1,ru
им,他们,im,A1,ru
именительный,主格,imenitelnyy,A1,ru
иметь,有,imet,A1,ru
имя,名字,imya,A1,ru
индекс,邮编,indeks,A1,ru
индийский,印度的,indiyskiy,A1,ru
иностранец,外国人,inostranets,A1,ru
иностранка,外国女人,inostranka,A1,ru
иностранный,外国的,inostrannyy,A1,ru
институт,学院,institut,A1,ru
интернет,互联网,internet,A1,ru
испанец,西班牙人,ispanets,A1,ru
испанский,西班牙语,ispanskiy,A1,ru
Италия,意大利,Italiya,A1,ru
итальянский,意大利语,italyanskiy,A1,ru
их,他们的,ikh,A1,ru
июль,七月,iyul,A1,ru
июнь,六月,iyun,A1,ru
йогурт,酸奶,yogurt,A1,ru
к,到,k,A1,ru
как,怎么,kak,A1,ru
как дела,你好吗,kak dela,A1,ru
какой,哪个,kakoy,A1,ru
капуста,卷心菜，白菜,kapusta,A1,ru
карандаш,铅笔,karandash,A1,ru
карта,地图，卡片,karta,A1,ru
картофель,土豆,kartofel,A1,ru
карточка,卡片，银行卡,kartochka,A1,ru
картошка,土豆,kartoshka,A1,ru
касса,收银台,kassa,A1,ru
кассир,收银员,kassir,A1,ru
квартира,公寓,kvartira,A1,ru
кг,公斤,kg,A1,ru
кило,公斤,kilo,A1,ru
килограмм,公斤,kilogramm,A1,ru
километр,公里,kilometr,A1,ru
кино,电影,kino,A1,ru
кинотеатр,电影院,kinoteatr,A1,ru
китаец,中国人,kitayets,A1,ru
Китай,中国,Kitay,A1,ru
китайский,中文,kitayskiy,A1,ru
класс,班级，教室,klass,A1,ru
класть,放，置,klast,A1,ru
ключ,钥匙,klyuch,A1,ru
книга,书,kniga,A1,ru
книжка,书,knizhka,A1,ru
книжный,书的,knizhnyy,A1,ru
книжный магазин,书店,knizhnyy magazin,A1,ru
когда,什么时候,kogda,A1,ru
кожа,皮肤,kozha,A1,ru
кока-кола,可口可乐,koka-kola,A1,ru
колбаса,香肠,kolbasa,A1,ru
команда,团队,komanda,A1,ru
комната,房间,komnata,A1,ru
компьютер,电脑,kompyuter,A1,ru
конверт,信封,konvert,A1,ru
конец,结束,kones,A1,ru
консул,领事,konsul,A1,ru
консульство,领事馆,konsulstvo,A1,ru
конфета,糖果,konfeta,A1,ru
кончаться,结束，用完,konchatsya,A1,ru
коньяк,白兰地,konyak,A1,ru
копейка,戈比,kopeyka,A1,ru
коричневый,棕色,korichnevyy,A1,ru
короткий,短的,korotkiy,A1,ru
кофе,咖啡,kofe,A1,ru
кошка,猫,koshka,A1,ru
красиво,漂亮,krasivo,A1,ru
красивый,漂亮的,krasivyy,A1,ru
красный,红色,krasnyy,A1,ru
краткий,简短的,kratkiy,A1,ru
кредитная карта,信用卡,kreditnaya karta,A1,ru
кресло,椅子,kreslo,A1,ru
кровать,床,krovat,A1,ru
круг,圆,krug,A1,ru
круглый,圆的,kruglyy,A1,ru
кружка,杯子，马克杯,kruzhka,A1,ru
кто,谁,kto,A1,ru
куда,哪里,kuda,A1,ru
купить,买,kupit,A1,ru
курица,鸡肉，母鸡,kuritsa,A1,ru
куртка,夹克，外套,kurtka,A1,ru
кухня,厨房,kukhnya,A1,ru
лампа,灯,lampa,A1,ru
левый,左,levyy,A1,ru
легко,容易,legko,A1,ru
лежать,躺,lezhat,A1,ru
лекарство,药,lekarstvo,A1,ru
лето,夏天,leto,A1,ru
лимон,柠檬,limon,A1,ru
литр,升,litr,A1,ru
лифчик,胸罩,lichik,A1,ru
лицо,脸,litsó,A1,ru
ложка,勺子,lozhka,A1,ru
ломать,破坏,lomat,A1,ru
лук,洋葱,luk,A1,ru
любимый,最喜欢的,lyubimyy,A1,ru
любить,爱，喜欢,lyubit,A1,ru
люди,人,lyudi,A1,ru
магазин,商店,magazin,A1,ru
май,五月,may,A1,ru
макароны,面条,makarony,A1,ru
маленький,小的,malenkiy,A1,ru
мало,少,malo,A1,ru
мальчик,男孩,malchik,A1,ru
мама,妈妈,mama,A1,ru
марка,品牌，邮票,marka,A1,ru
март,三月,mart,A1,ru
маршрутное такси,小巴,marshrutnoye taksi,A1,ru
масло,油，黄油,maslo,A1,ru
мать,母亲,mat,A1,ru
машина,车，汽车,mashina,A1,ru
мебель,家具,mebel,A1,ru
мед,蜂蜜,med,A1,ru
медленный,慢的,medlennyy,A1,ru
место,地方,mesto,A1,ru
место рождения,出生地,mesto rozhdeniya,A1,ru
местоимение,代词,mestoimeniye,A1,ru
месяц,月,mesyats,A1,ru
метр,米,metr,A1,ru
метро,地铁,metro,A1,ru
милиционер,警察,militsioner,A1,ru
милиция,警察,militsiya,A1,ru
минута,分钟,minuta,A1,ru
мне,我,mne,A1,ru
много,多,mnogo,A1,ru
мобильник,手机,mobilnik,A1,ru
мобильный,移动的,mobilnyy,A1,ru
мобильный телефон,手机,mobilnyy telefon,A1,ru
может,可能,mozhet,A1,ru
можно,可以,mozhno,A1,ru
мой,我的,moy,A1,ru
молодец,好样的,molodets,A1,ru
молодой,年轻的,molodoy,A1,ru
молодой человек,年轻人,molodoy chelovek,A1,ru
молоко,牛奶,moloko,A1,ru
морковь,胡萝卜,morkov,A1,ru
мороженое,冰淇淋,morozhenoye,A1,ru
москва,莫斯科,moskva,A1,ru
мотоцикл,摩托车,mototsikl,A1,ru
мочь,能，可以,moch,A1,ru
муж,丈夫,muzh,A1,ru
мужской,男性的,muzhskoy,A1,ru
мужчина,男人,muzhchina,A1,ru
музыка,音乐,muzyka,A1,ru
музыкальный,音乐的,muzykalnyy,A1,ru
музыкант,音乐家,muzykant,A1,ru
мука,面粉,muka,A1,ru
мы,我们,my,A1,ru
мыло,肥皂,mylo,A1,ru
мыть,洗,myt,A1,ru
мышка,鼠标,myshka,A1,ru
мягкий,软的,myagkiy,A1,ru
мясо,肉,myaso,A1,ru
мяч,球,myach,A1,ru
на,在,na,A1,ru
на помощь,救命,na pomoshch,A1,ru
надо,需要,nado,A1,ru
название,名字，名称,nazvaniye,A1,ru
называть,叫,nazyvat,A1,ru
называться,被叫，名叫,nazyvatsya,A1,ru
наизусть,背诵,naizust,A1,ru
написать,写,napisat,A1,ru
напиток,饮料,napitok,A1,ru
например,例如,naprimer,A1,ru
народ,人民,narod,A1,ru
нас,我们,nas,A1,ru
настоящее,现在,nastoyashchee,A1,ru
настоящий,真正的,nastoyashchiy,A1,ru
национальность,国籍,natsionalnost,A1,ru
начинать,开始,nachinat,A1,ru
начинаться,开始,nachinatsya,A1,ru
наш,我们的,nash,A1,ru
не,不,ne,A1,ru
не замужем,未婚,ne zamuzhem,A1,ru
невысокий,不高,nevysokiy,A1,ru
неделя,周,nedelya,A1,ru
некрасивый,不漂亮,nekrasivyy,A1,ru
нельзя,不能,nelzya,A1,ru
немец,德国人,nemets,A1,ru
немка,德国女人,nemka,A1,ru
непонятный,不明白,neponyatnyy,A1,ru
неправильный,不正确,nepravilnyy,A1,ru
непростой,不简单,neprostoy,A1,ru
нет,没有,net,A1,ru
нехорошо,不好,nekhorosho,A1,ru
низ,下,niz,A1,ru
низкий,低的,nizkiy,A1,ru
новый,新的,novyy,A1,ru
новый год,新年,novyy god,A1,ru
нога,腿,noga,A1,ru
нож,刀,nozh,A1,ru
ноль,零,nol,A1,ru
номер,号码,nomer,A1,ru
нормально,正常,normalno,A1,ru
нос,鼻子,nos,A1,ru
носок,袜子,nosok,A1,ru
ночь,夜晚,noch,A1,ru
ноябрь,十一月,noyabr,A1,ru
нравиться,喜欢,nravitsya,A1,ru
нужно,需要,nuzhno,A1,ru
нужный,需要的,nuzhnyy,A1,ru
обед,午餐,obed,A1,ru
обедать,吃午餐,obedat,A1,ru
обувь,鞋,obuv,A1,ru
общежитие,宿舍,obshchezhitiye,A1,ru
объявление,公告,obyavleniye,A1,ru
объяснять,解释,obyasnyat,A1,ru
овощ,蔬菜,ovoshch,A1,ru
огурец,黄瓜,ogurets,A1,ru
одеваться,穿衣服,odevatsya,A1,ru
одежда,衣服,odezhda,A1,ru
одеяло,被子,odeyalo,A1,ru
один,一,odin,A1,ru
одиннадцать,十一,odinnadtsat,A1,ru
означать,意味着,oznachat,A1,ru
окно,窗户,okno,A1,ru
октябрь,十月,oktyabr,A1,ru
олимпиада,奥运会,olimpiada,A1,ru
он,他,on,A1,ru
она,她,ona,A1,ru
они,他们,oni,A1,ru
оно,它,ono,A1,ru
опасный,危险的,opasnyy,A1,ru
опять,又,opyat,A1,ru
оранжевый,橙色,oranzhevyy,A1,ru
орех,坚果,orekh,A1,ru
осень,秋天,osen,A1,ru
остановка,站,ostanovka,A1,ru
осторожно,小心,ostorozhno,A1,ru
от,从,ot,A1,ru
ответ,答案,otvet,A1,ru
отвечать,回答,otvechat,A1,ru
отдыхать,休息,otdykhat,A1,ru
отец,父亲,otets,A1,ru
открывать,打开,otkryvat,A1,ru
открытка,明信片,otkrytka,A1,ru
открыто,开放,otkryto,A1,ru
откуда,从哪里,otkuda,A1,ru
отправитель,发件人,otpravitel,A1,ru
очень,很,ochen,A1,ru
очки,眼镜,ochki,A1,ru
ошибаться,犯错,oshibatsya,A1,ru
ошибка,错误,oshibka,A1,ru
падать,掉落,padat,A1,ru
падеж,格,padezh,A1,ru
палец,手指,palets,A1,ru
пальто,大衣,palto,A1,ru
папа,爸爸,papa,A1,ru
паспорт,护照,pasport,A1,ru
пассажир,乘客,passazhir,A1,ru
певец,歌手,pevets,A1,ru
певица,女歌手,pevitsa,A1,ru
пепси-кола,百事可乐,pepsi-kola,A1,ru
перевести,翻译,perevesti,A1,ru
перевод,翻译,perevod,A1,ru
переводить,翻译,perevodit,A1,ru
переводчик,翻译员,perevodchik,A1,ru
перемена,休息，课间,peremena,A1,ru
перерыв,休息,pereryv,A1,ru
переулок,小巷,pereulok,A1,ru
переход,过马路,perekhod,A1,ru
переходить,过马路,perekhodit,A1,ru
перец,胡椒,perets,A1,ru
перчатка,手套,perchatka,A1,ru
песня,歌曲,pesnya,A1,ru
Петербург,彼得堡,Peterburg,A1,ru
петь,唱歌,pet,A1,ru
печь,烤,pech,A1,ru
пешеход,行人,peshekhod,A1,ru
пешеходный,行人的,peshekhodnyy,A1,ru
пиво,啤酒,pivo,A1,ru
пиджак,西装,pidzhak,A1,ru
пижама,睡衣,pizhama,A1,ru
пирог,馅饼,pirog,A1,ru
пирожное,糕点,pirozhnoe,A1,ru
пирожок,包子,pirozhok,A1,ru
писать,写,pisat,A1,ru
письмо,信,pismo,A1,ru
пить,喝,pit,A1,ru
пицца,披萨,pitsa,A1,ru
плавать,游泳,plavat,A1,ru
платье,连衣裙,platye,A1,ru
плита,炉子,plita,A1,ru
плохо,坏,plokho,A1,ru
плохой,坏的,plokhoy,A1,ru
площадь,广场,ploshchad,A1,ru
по телефону,打电话,po telefonu,A1,ru
победа,胜利,pobeda,A1,ru
повторять,重复,povtoryat,A1,ru
погода,天气,pogoda,A1,ru
подарок,礼物,podarok,A1,ru
подземный переход,地下通道,podzemnyy perekhod,A1,ru
подписывать,签名,podpisyvat,A1,ru
подпись,签名,podpis,A1,ru
подруга,女朋友,podruga,A1,ru
подушка,枕头,podushka,A1,ru
поесть,吃,poest,A1,ru
пожалуйста,请,pozhaluysta,A1,ru
пожар,火灾,pozhar,A1,ru
пожарный,消防员,pozharnyy,A1,ru
пожилой,年老的,pozhiloy,A1,ru
позвонить,打电话,pozvonit,A1,ru
поздравлять,祝贺,pozdravlyat,A1,ru
пойти,去,poyti,A1,ru
пока,再见,poka,A1,ru
покупать,买,pokupat,A1,ru
покупка,购买,pokupka,A1,ru
пол,地板,pol,A1,ru
полгода,半年,polgoda,A1,ru
полицейский,警察,politseyskiy,A1,ru
полиция,警察,politsiya,A1,ru
полка,架子,polka,A1,ru
полкило,半公斤,polkilo,A1,ru
положить,放,polozhit,A1,ru
полотенце,毛巾,polotentse,A1,ru
получать,得到,poluchat,A1,ru
полчаса,半小时,polchasa,A1,ru
полька,波兰女人,polka,A1,ru
польский,波兰语,polskiy,A1,ru
поляк,波兰人,polyak,A1,ru
помидор,西红柿,pomidor,A1,ru
помнить,记住,pomnit,A1,ru
помогать,帮助,pomogat,A1,ru
понедельник,星期一,ponedelnik,A1,ru
понимать,理解,ponimat,A1,ru
понравиться,喜欢,ponravitsya,A1,ru
понятно,明白,ponyatno,A1,ru
понятный,明白的,ponyatnyy,A1,ru
посол,大使,posol,A1,ru
посторонний,外人,postoronniy,A1,ru
посуда,餐具,posuda,A1,ru
почему,为什么,pochemu,A1,ru
почта,邮局,pochta,A1,ru
почтовый индекс,邮编,pochtovyy indeks,A1,ru
правильно,正确,pravilno,A1,ru
правильный,正确的,pravilnyy,A1,ru
правый,右,pravyy,A1,ru
праздник,节日,prazdnik,A1,ru
предлог,介词,predlog,A1,ru
предложение,句子,predlozheniye,A1,ru
прекрасно,很好,prekrasno,A1,ru
преподаватель,老师,prepodavatel,A1,ru
привет,你好,privet,A1,ru
приглашать,邀请,priglashat,A1,ru
приносить,带来,prinosit,A1,ru
приходить,来,prikhodit,A1,ru
приятно,愉快,priyatno,A1,ru
проблема,问题,problema,A1,ru
продавец,售货员,prodavets,A1,ru
продавщица,女售货员,prodavshchitsa,A1,ru
произносить,发音,proiznosit,A1,ru
прокладка,卫生巾,prokladka,A1,ru
просить,请求,prosit,A1,ru
проспект,大街,prospekt,A1,ru
просто,简单,prosto,A1,ru
простой,简单的,prostoy,A1,ru
проход,通道,prokhod,A1,ru
прочитать,读,prochitat,A1,ru
прошедшее время,过去时,proshedsheye vremya,A1,ru
прошедший,过去的,proshedshiy,A1,ru
прошлое,过去,proshloye,A1,ru
прошлый,以前的,proshlyy,A1,ru
пульт,遥控器,pult,A1,ru
пятнадцать,十五,pyatnadtsat,A1,ru
пятница,星期五,pyatnitsa,A1,ru
пять,五,pyat,A1,ru
пятьдесят,五十,pyatdesyat,A1,ru
пятьсот,五百,pyatsot,A1,ru
работа,工作,rabota,A1,ru
работать,工作,rabotat,A1,ru
раз,次,raz,A1,ru
разведенный,离婚的,razvedennyy,A1,ru
раздеваться,脱衣服,razdevatsya,A1,ru
раковина,洗手池,rakovina,A1,ru
рассказывать,讲,rasskazyvat,A1,ru
растительный,植物的,rastitelnyy,A1,ru
ребенок,孩子,rebenok,A1,ru
ребята,孩子们,rebyata,A1,ru
регистрация,注册,registratsiya,A1,ru
республика,共和国,respublika,A1,ru
рис,米饭,ris,A1,ru
рисунок,图画,risunok,A1,ru
род,种类,rod,A1,ru
родина,祖国,rodina,A1,ru
родитель,父母,roditel,A1,ru
родиться,出生,roditsya,A1,ru
рождение,出生,rozhdeniye,A1,ru
розовый,粉色,rozovyy,A1,ru
российский,俄罗斯的,rossiyskiy,A1,ru
Россия,俄罗斯,Rossiya,A1,ru
рот,嘴,rot,A1,ru
рубашка,衬衫,rubashka,A1,ru
рубль,卢布,rubl,A1,ru
рука,手,ruka,A1,ru
русский,俄语,russkiy,A1,ru
русский язык,俄语,russkiy yazyk,A1,ru
ручка,笔,ruchka,A1,ru
рыба,鱼,ryba,A1,ru
рынок,市场,rynok,A1,ru
салат,沙拉,salat,A1,ru
самолет,飞机,samolet,A1,ru
сантиметр,厘米,santimetr,A1,ru
сапог,靴子,sapog,A1,ru
сахар,糖,sakhar,A1,ru
свет,光,svet,A1,ru
светло,亮,svetlo,A1,ru
светлый,亮的,svetlyy,A1,ru
светофор,红绿灯,svetofor,A1,ru
свинина,猪肉,svinina,A1,ru
свитер,毛衣,sviter,A1,ru
сдача,找零,sdacha,A1,ru
сделать,做,sdelat,A1,ru
себе,自己,sebe,A1,ru
себя,自己,sebya,A1,ru
север,北,sever,A1,ru
сегодня,今天,segodnya,A1,ru
сейчас,现在,seychas,A1,ru
секунда,秒,sekunda,A1,ru
семнадцать,十七,semnadtsat,A1,ru
семь,七,sem,A1,ru
семьдесят,七十,semdesyat,A1,ru
семьсот,七百,semsot,A1,ru
семья,家庭,semya,A1,ru
сентябрь,九月,sentyabr,A1,ru
сердце,心,serdtse,A1,ru
серый,灰色,seryy,A1,ru
сестра,姐妹,sestra,A1,ru
сесть,坐,sest,A1,ru
сигарета,香烟,sigareta,A1,ru
сидеть,坐,sidet,A1,ru
синий,蓝色,siniy,A1,ru
сказать,说,skazat,A1,ru
сколько,多少,skolko,A1,ru
скорая помощь,急救车,skoraya pomoshch,A1,ru
скоро,快,skoro,A1,ru
сладкий,甜的,sladkiy,A1,ru
следующий,下一个,sleduyushchiy,A1,ru
сливки,奶油,slivki,A1,ru
словарь,词典,slovar,A1,ru
слово,词,slovo,A1,ru
слог,音节,slog,A1,ru
сложно,难,slozhno,A1,ru
сложный,难的,slozhnyy,A1,ru
слушать,听,slushat,A1,ru
сметана,酸奶油,smetana,A1,ru
смотреть,看,smotret,A1,ru
снег,雪,sneg,A1,ru
снимать,租，脱下,snimat,A1,ru
со,和,so,A1,ru
собака,狗,sobaka,A1,ru
согласный,辅音,soglasnyy,A1,ru
сок,果汁,sok,A1,ru
соленый,咸的,solenyy,A1,ru
солнце,太阳,solntse,A1,ru
соль,盐,sol,A1,ru
сон,睡眠,son,A1,ru
сорок,四十,sorok,A1,ru
сосед,邻居,sosed,A1,ru
соседка,女邻居,sosedka,A1,ru
сосиска,香肠,sosiska,A1,ru
сотовый,手机,sotovyy,A1,ru
сотовый телефон,手机,sotovyy telefon,A1,ru
спасибо,谢谢,spasibo,A1,ru
спать,睡觉,spat,A1,ru
спина,背,spina,A1,ru
спичка,火柴,spichka,A1,ru
спорт,体育,sport,A1,ru
спортивный,体育的,sportivnyy,A1,ru
спортсмен,运动员,sportsmen,A1,ru
спрашивать,问,sprashivat,A1,ru
среда,星期三,sreda,A1,ru
ставить,放,stavit,A1,ru
стакан,杯子,stakan,A1,ru
станция,站,stantsiya,A1,ru
старый,老的,staryy,A1,ru
сто,一百,sto,A1,ru
стоить,值,stoit,A1,ru
стол,桌子,stol,A1,ru
столица,首都,stolitsa,A1,ru
столовая,餐厅,stolovaya,A1,ru
столько,那么多,stolko,A1,ru
стоп,停止,stop,A1,ru
стоять,站,stoyat,A1,ru
страна,国家,strana,A1,ru
страница,页,stranitsa,A1,ru
студент,学生,student,A1,ru
студентка,女学生,studentka,A1,ru
стул,椅子,stul,A1,ru
суббота,星期六,subbota,A1,ru
субъект,主语,subyekt,A1,ru
сумка,包,sumka,A1,ru
суп,汤,sup,A1,ru
супермаркет,超市,supermarket,A1,ru
счет,账单,schot,A1,ru
США,美国,SSHA,A1,ru
сын,儿子,syn,A1,ru
сыр,奶酪,syr,A1,ru
сюда,这里,syuda,A1,ru
та,那个,ta,A1,ru
так,这样,tak,A1,ru
такой,这样的,takoy,A1,ru
такси,出租车,taksi,A1,ru
там,那里,tam,A1,ru
танцевать,跳舞,tantsevat,A1,ru
тарелка,盘子,tarelka,A1,ru
твердый,硬的,tverdyy,A1,ru
твой,你的,tvoy,A1,ru
те,那些,te,A1,ru
тебе,你,tebe,A1,ru
текст,文本,tekst,A1,ru
телевизор,电视,televizor,A1,ru
телефон,电话,telefon,A1,ru
темно,暗,temno,A1,ru
темный,暗的,temnyy,A1,ru
теннис,网球,tennis,A1,ru
тепло,暖和,teplo,A1,ru
теплый,暖和的,teplyy,A1,ru
тест,测试,test,A1,ru
тетрадь,笔记本,tetrad,A1,ru
тихо,安静,tikho,A1,ru
то,那个,to,A1,ru
только,只,tolko,A1,ru
торт,蛋糕,tort,A1,ru
тост,吐司,tost,A1,ru
тот,那个,tot,A1,ru
точка,点,tochka,A1,ru
трамвай,电车,tramvay,A1,ru
транскрипция,音标,transkriptsiya,A1,ru
транспорт,交通,transport,A1,ru
три,三,tri,A1,ru
тридцать,三十,tridtsat,A1,ru
тринадцать,十三,trinadtsat,A1,ru
триста,三百,trista,A1,ru
троллейбус,无轨电车,trolleybus,A1,ru
тротуар,人行道,trotuar,A1,ru
трудно,难,trudno,A1,ru
трудный,难的,trudnyy,A1,ru
трусы,内裤,trusy,A1,ru
ту,那个,tu,A1,ru
туалет,厕所,tualet,A1,ru
турист,游客,turist,A1,ru
тут,这里,tut,A1,ru
туфли,鞋,tufli,A1,ru
ты,你,ty,A1,ru
тысяча,千,tysyacha,A1,ru
тяжело,重,tyazhelo,A1,ru
тяжелый,重的,tyazhelyy,A1,ru
у,在,u,A1,ru
ударение,重音,udareniye,A1,ru
уехать,离开,uekhat,A1,ru
ужин,晚餐,uzhin,A1,ru
ужинать,吃晚餐,uzhinat,A1,ru
Украина,乌克兰,Ukraina,A1,ru
украинец,乌克兰人,ukrainets,A1,ru
украинский,乌克兰语,ukrainskiy,A1,ru
улица,街道,ulitsa,A1,ru
уметь,会,umet,A1,ru
умирать,死,umirat,A1,ru
умный,聪明的,umnyy,A1,ru
умываться,洗脸,umyvatsya,A1,ru
университет,大学,universitet,A1,ru
урок,课,urok,A1,ru
ученик,学生,uchenik,A1,ru
учитель,老师,uchitel,A1,ru
учительница,女老师,uchitelnitsa,A1,ru
учить,学,uchit,A1,ru
учиться,学习,uchitsya,A1,ru
фамилия,姓,familiya,A1,ru
февраль,二月,fevral,A1,ru
фильм,电影,film,A1,ru
финн,芬兰人,finn,A1,ru
финский,芬兰语,finskiy,A1,ru
фиолетовый,紫色,fioletovyy,A1,ru
фото,照片,foto,A1,ru
фотография,照片,fotografiya,A1,ru
Франция,法国,Frantsiya,A1,ru
француз,法国人,frantsuz,A1,ru
французский,法语,frantsuzskiy,A1,ru
фрукт,水果,frukt,A1,ru
футбол,足球,futbol,A1,ru
хлеб,面包,khleb,A1,ru
ходить,走,khodit,A1,ru
хоккей,冰球,khokkey,A1,ru
холод,冷,kholod,A1,ru
холодильник,冰箱,kholodilnik,A1,ru
холодный,冷的,kholodnyy,A1,ru
хороший,好的,khoroshiy,A1,ru
хорошо,好,khorosho,A1,ru
хотеть,想要,khotet,A1,ru
цвет,颜色,tsvet,A1,ru
цена,价格,tsena,A1,ru
чай,茶,chay,A1,ru
чайник,茶壶,chaynik,A1,ru
чайный,茶的,chaynyy,A1,ru
час,小时,chas,A1,ru
часть,部分,chast,A1,ru
часы,手表,chasy,A1,ru
чашка,杯子,chashka,A1,ru
человек,人,chelovek,A1,ru
чемодан,行李箱,chemodan,A1,ru
чемпион,冠军,chempion,A1,ru
черный,黑色,chernyy,A1,ru
чеснок,大蒜,chesnok,A1,ru
четверг,星期四,chetverg,A1,ru
четыре,四,chetyre,A1,ru
четыреста,四百,chetyresta,A1,ru
четырнадцать,十四,chetyrnadtsat,A1,ru
число,数字,chislo,A1,ru
читать,读,chitat,A1,ru
чтение,阅读,chteniye,A1,ru
что,什么,chto,A1,ru
шампунь,洗发水,shampun,A1,ru
шапка,帽子,shapka,A1,ru
шестнадцать,十六,shestnadtsat,A1,ru
шесть,六,shest,A1,ru
шестьдесят,六十,shestdesyat,A1,ru
шестьсот,六百,shestsot,A1,ru
шкаф,柜子,shkaf,A1,ru
школа,学校,shkola,A1,ru
шоколад,巧克力,shokolad,A1,ru
штраф,罚款,shtraf,A1,ru
шутка,笑话,shutka,A1,ru
экзамен,考试,ekzamen,A1,ru
экран,屏幕,ekran,A1,ru
электрический,电的,elektricheskiy,A1,ru
электричество,电,elektrichestvo,A1,ru
эскалатор,电梯,eskalator,A1,ru
эта,这个,eta,A1,ru
этаж,楼层,etazh,A1,ru
эти,这些,eti,A1,ru
это,这个,eto,A1,ru
этот,这个,etot,A1,ru
юбка,裙子,yubka,A1,ru
юг,南,yug,A1,ru
я,我,ya,A1,ru
яблоко,苹果,yabloko,A1,ru
язык,语言,yazyk,A1,ru
яйцо,鸡蛋,yaytso,A1,ru
январь,一月,yanvar,A1,ru
японец,日本人,yaponets,A1,ru
японский,日语,yaponskiy,A1,ru
"吧","выражает побуждение или предположение; побуждение; предположение","ba","A2","zh"
"白","белый; седой","bái","A2","zh"
"百","сто; сотня","bǎi","A2","zh"
"帮助","помогать; помощь","bāngzhù","A2","zh"
"报纸","газета; газеты","bàozhǐ","A2","zh"
"比","сравнивать; в сравнении","bǐ","A2","zh"
"别","расставаться, разлучаться; не нужно; нечего; не","bié","A2","zh"
"长","длинный; длительный, долгий","cháng","A2","zh"
"唱歌","петь; пение","chànggē","A2","zh"
"出","выходить; выезжать; превышать","chū","A2","zh"
"穿","пронзить; пробить; одевать; надевать","chuān","A2","zh"
"船","судно, корабль; пароход; лодка","chuán","A2","zh"
"次","следующий; второй; раз","cì","A2","zh"
"从","из; от; с","cóng","A2","zh"
"错","неправильный; ошибочный; ошибаться; ошибочно","cuò","A2","zh"
"打篮球","играть в баскетбол","dǎ lánqiú","A2","zh"
"大家","все; все вместе","dàjiā","A2","zh"
"但是","но; однако; тем не менее","dànshì","A2","zh"
"到","достигать; прибывать; до","dào","A2","zh"
"得","показатель обстоятельства, следующего за сказуемым; обстоятельства","de","A2","zh"
"等","ожидать, ждать","děng","A2","zh"
"弟弟","младший брат","dìdi","A2","zh"
"第一","первый; во-первых; первейший; номер один","dìyī","A2","zh"
"懂","понять, уразуметь","dǒng","A2","zh"
"对","пара; правильный, верный; правильно!, верно!","duì","A2","zh"
"房间","комната; номер","fángjiān","A2","zh"
"非常","чрезвычайный; необыкновенный","fēicháng","A2","zh"
"服务员","обслуживающий персонал; официант","fúwùyuán","A2","zh"
"高","высокий; высшее образование","gāo","A2","zh"
"告诉","сказать; сообщить","gàosu","A2","zh"
"哥哥","старший брат","gēge","A2","zh"
"给","давать; предоставлять","gěi","A2","zh"
"公共汽车","автобус","gōnggòng qìchē","A2","zh"
"公斤","килограмм","gōngjīn","A2","zh"
"公司","компания; фирма","gōngsī","A2","zh"
"贵","дорогой; ценный","guì","A2","zh"
"过","проходить через; переходить; пересекать; отмечать; справлять (о праздниках)","guò","A2","zh"
"还","ещё; всё ещё","hái","A2","zh"
"孩子","ребёнок, дитя","háizi","A2","zh"
"好吃","вкусный","hǎochī","A2","zh"
"号","название; размер; число","hào","A2","zh"
"黑","чёрный; тёмный; мрачный","hēi","A2","zh"
"红","красный, алый","hóng","A2","zh"
"欢迎","приветствовать; встречать","huānyíng","A2","zh"
"回答","отвечать; ответ","huídá","A2","zh"
"机场","аэродром","jīchǎng","A2","zh"
"鸡蛋","куриное яйцо","jīdàn","A2","zh"
"件","сч. сл. для предметов одежды, дел, вещей, документов; счётное слово","jiàn","A2","zh"
"教室","класс; аудитория","jiàoshì","A2","zh"
"姐姐","старшая сестра; в обращении сестрица","jiějie","A2","zh"
"介绍","рекомендовать; знакомить, представлять","jièshào","A2","zh"
"进","идти вперёд; входить","jìn","A2","zh"
"近","близкий, вблизи; рядом","jìn","A2","zh"
"就","именно, как раз; сейчас же, немедленно; тогда; то; в таком случае","jiù","A2","zh"
"觉得","чувствовать, ощущать; сознавать","juéde","A2","zh"
"咖啡","кофе","kāfēi","A2","zh"
"开始","начинать; начало","kāishǐ","A2","zh"
"考试","экзамен; экзамены","kǎoshì","A2","zh"
"可能","возможно; вероятно","kěnéng","A2","zh"
"可以","можно, возможно; дозволено, разрешается","kěyǐ","A2","zh"
"课","урок; занятия; предмет","kè","A2","zh"
"快","быстрый, скорый; радостный, весёлый","kuài","A2","zh"
"快乐","весёлый; радостный; весело","kuàilè","A2","zh"
"累","уставать; утомлять; утомляться","lèi","A2","zh"
"离","отстоять от; от; покидать","lí","A2","zh"
"两","два; пара; оба","liǎng","A2","zh"
"路","дорога; путь; улица","lù","A2","zh"
"旅游","туризм; туристический","lǚyóu","A2","zh"
"卖","продавать; торговать","mài","A2","zh"
"慢","медленный; медлить; отставать","màn","A2","zh"
"忙","быть занятым; хлопотать","máng","A2","zh"
"每","каждый, всякий","měi","A2","zh"
"妹妹","младшая сестра","mèimei","A2","zh"
"门","дверь; ворота; вход","mén","A2","zh"
"男人","мужчина","nánrén","A2","zh"
"您","Вы, Ваш","nín","A2","zh"
"牛奶","молоко; молочный","niúnǎi","A2","zh"
"女人","женщина","nǚrén","A2","zh"
"旁边","сбоку; рядом; около","pángbiān","A2","zh"
"跑步","бег","pǎobù","A2","zh"
"便宜","дешёвый","piányi","A2","zh"
"票","билет; талон; квитанция","piào","A2","zh"
"妻子","жена","qīzi","A2","zh"
"起床","встать с постели","qǐchuáng","A2","zh"
"千","тысяча; кило","qiān","A2","zh"
"晴","ясный, безоблачный; проясниться","qíng","A2","zh"
"去年","прошлый год","qùnián","A2","zh"
"让","заставлять; позволять; разрешать; уступать","ràng","A2","zh"
"上班","идти на работу; заступить на смену","shàngbān","A2","zh"
"身体","тело; телосложение; здоровье","shēntǐ","A2","zh"
"生病","заболеть","shēngbìng","A2","zh"
"生日","день рождения, день рождение","shēngrì","A2","zh"
"时间","время; промежуток времени","shíjiān","A2","zh"
"事情","дело, событие, инцидент; случай, факт","shìqing","A2","zh"
"手表","наручные часы","shǒubiǎo","A2","zh"
"手机","Мобильный телефон, сотовый телефон","shǒujī","A2","zh"
"送","посылать; дарить; провожать","sòng","A2","zh"
"所以","потому; таким образом","suǒyǐ","A2","zh"
"它","оно; она; он","tā","A2","zh"
"踢足球","играть в футбол","tī zúqiú","A2","zh"
"题","тема; вопрос; проблема","tí","A2","zh"
"跳舞","танцевать; плясать","tiàowǔ","A2","zh"
"外","внешний, наружный; снаружи; вне; за","wài","A2","zh"
"完","закончить, завершить; кончиться","wán","A2","zh"
"玩","играть; забавляться; гулять; развлекаться","wán","A2","zh"
"晚上","вечером; вечер","wǎnshang","A2","zh"
"为什么","почему; отчего; зачем","wèishénme","A2","zh"
"问","спрашивать; справляться о чём-либо","wèn","A2","zh"
"问题","вопрос; проблема; тема","wèntí","A2","zh"
"希望","надеяться; надежда","xīwàng","A2","zh"
"西瓜","арбуз","xīguā","A2","zh"
"洗","мыть; стирать; купать; умывать","xǐ","A2","zh"
"向","быть обращённым к; направление; курс","xiàng","A2","zh"
"小时","час","xiǎoshí","A2","zh"
"笑","смеяться; смех; улыбаться; улыбка","xiào","A2","zh"
"新","новый; современный; свежий","xīn","A2","zh"
"姓","фамилия; по фамилии","xìng","A2","zh"
"休息","отдыхать; отдых; перерыв; антракт","xiūxi","A2","zh"
"雪","снег","xuě","A2","zh"
"颜色","цвет; окраска","yánsè","A2","zh"
"眼睛","глаза","yǎnjing","A2","zh"
"羊肉","баранина","yángròu","A2","zh"
"药","лекарство; медикаменты; лекарственный","yào","A2","zh"
"要","хотеть, желать; нужно, необходимо; просить; требовать","yào","A2","zh"
"也","тоже, также; и","yě","A2","zh"
"已经","уже","yǐjīng","A2","zh"
"一起","вместе; совместно; сообща","yīqǐ","A2","zh"
"意思","мысль; идея; смысл, значение; интерес","yìsi","A2","zh"
"阴","«инь» (женское начало в древней китайской философии); инь; тёмный; пасмурный; тень","yīn","A2","zh"
"因为","так как, потому что; вследствие того, что; ибо","yīnwèi","A2","zh"
"游泳","плавать; плавание","yóuyǒng","A2","zh"
"右边","правая сторона; справа; правый","yòubian","A2","zh"
"鱼","рыба; рыбный; рыбий","yú","A2","zh"
"元","юань","yuán","A2","zh"
"远","далёкий; дальний; далеко","yuǎn","A2","zh"
"运动","спорт; атлетика; спортивный","yùndòng","A2","zh"
"再","снова; опять; ещё","zài","A2","zh"
"早上","утром, спозаранку","zǎoshang","A2","zh"
"张","раскрывать; открывать; сч. сл. для листов, столов, кроватей; счётное слово","zhāng","A2","zh"
"丈夫","муж; настоящий мужчина","zhàngfū","A2","zh"
"找","искать; разыскивать; отыскивать","zhǎo","A2","zh"
"着","глагольный суффикс, указывающий на продолженный характер действия или состояния; глагольный суффикс","zhe","A2","zh"
"真","настоящий; истинный; подлинный; достоверный; действительный","zhēn","A2","zh"
"正在","перед глаголом указывает на то, что действие происходит в данный момент","zhèngzài","A2","zh"
"知道","знать; иметь представление","zhīdao","A2","zh"
"准备","готовить; подготавливать; быть готовым; подготовка","zhǔnbèi","A2","zh"
"自行车","велосипед","zìxíngchē","A2","zh"
"走","идти; ходить","zǒu","A2","zh"
"最","самый; больше всего","zuì","A2","zh"
"左边","левая сторона; налево; слева; влево","zuǒbian","A2","zh"
абзац,段落,abzac,A2,ru
авария,事故，故障,avariya,A2,ru
автомашина,汽车，车辆,avtomashina,A2,ru
автомобильный,汽车的，车辆的,avtomobil'nyy,A2,ru
адрес электронной почты,电子邮件地址,adres elektronnoy pochty,A2,ru
активный,活跃的，积极的,aktivnyy,A2,ru
акцент,口音，重音,aksent,A2,ru
антоним,反义词,antonim,A2,ru
аппетит,食欲，胃口,appetit,A2,ru
аренда,租赁，租用,arenda,A2,ru
арендовать,租赁，租用,arendovat',A2,ru
аудитория,观众，听众，教室,auditoriya,A2,ru
балкон,阳台,balkon,A2,ru
балл,分数，比分,ball,A2,ru
батарейка,电池,batareyka,A2,ru
батарея,电池组，暖气片,batareya,A2,ru
бег,跑步，奔跑,beg,A2,ru
белье,内衣，床单,bel'yo,A2,ru
бензин,汽油,benzin,A2,ru
бесплатный,免费的，无偿的,besplatnyy,A2,ru
бинт,绷带,bint,A2,ru
биография,传记,biografiya,A2,ru
бить,打，击,bit',A2,ru
благодарить,感谢，谢谢,blagodarit',A2,ru
бланк,表格，空白表格,blank,A2,ru
близнец,双胞胎,bliznec,A2,ru
блин,薄饼，煎饼,blin,A2,ru
блокнот,笔记本，记事本,bloknot,A2,ru
блондинка,金发女郎,blondinka,A2,ru
бог,神，上帝,bog,A2,ru
болезнь,疾病,bolezn',A2,ru
больший,更大的，较大的,bol'shiy,A2,ru
борщ,红菜汤，罗宋汤,borshch,A2,ru
брать в аренду,租用，租赁,brat' v arendu,A2,ru
бритва,剃须刀,britva,A2,ru
бросать,扔，抛弃,brosat',A2,ru
брошюра,小册子，手册,broshyura,A2,ru
будить,叫醒，唤醒,budit',A2,ru
будущее,未来，将来,budushcheye,A2,ru
будьте здоровы,保重，祝福语,bud'te zdorovy,A2,ru
булочка,小面包，面包卷,bulochka,A2,ru
бульвар,林荫道，大街,bul'var,A2,ru
бумажник,钱包，皮夹,bumazhnik,A2,ru
буфет,自助餐，餐具柜,bufet,A2,ru
бы,要是，如果，如果表示条件,by,A2,ru
бывший,以前的，前任,byvshiy,A2,ru
в другом месте,在别处，在其他地方,v drugom meste,A2,ru
вагон,车厢，货车,vagon,A2,ru
валюта,货币，外汇,valyuta,A2,ru
ванная комната,浴室，卫生间,vannaya komnata,A2,ru
варенье,果酱,varen'ye,A2,ru
варить,煮，烹饪,varit',A2,ru
вверх,向上，往上,vverkh,A2,ru
вверху,在上面，在上方,vverkhu,A2,ru
вдвоем,两人一起，两人共同,vdvoem,A2,ru
везде,到处，处处,vezde,A2,ru
верить,相信，信任,verit',A2,ru
верный,正确的，忠诚的,vernyy,A2,ru
верхний,上面的，上部的,verkhniy,A2,ru
вес,重量，体重,ves,A2,ru
весело,快乐地，愉快地,veselo,A2,ru
веселый,快乐的，愉快的,veselyy,A2,ru
весенний,春天的，春季的,vesenniy,A2,ru
весить,重量为…，称重,vesit',A2,ru
вести,引导，带领,vesti,A2,ru
весь,全部，整个,ves',A2,ru
ветер,风,veter,A2,ru
ветка,树枝，分支，分公司,vetka,A2,ru
взять,拿，取,vzyat',A2,ru
взять такси,乘坐出租车,vzyat' taksi,A2,ru
вид,样子，视图，风景,vid,A2,ru
видеть сон,做梦，梦见,videt' son,A2,ru
видно,可见，看得出,vidno,A2,ru
винительный,宾格的,vinitel'nyy,A2,ru
висеть,悬挂，垂,viset',A2,ru
витамин,维生素,vitamin,A2,ru
вкус,味道，口味,vkus,A2,ru
влево,向左，往左,vlevo,A2,ru
вместе,一起，共同,vmeste,A2,ru
вниз,向下，往下,vniz,A2,ru
внизу,在下面，在下方,vnizu,A2,ru
внутри,在里面，在内部,vnutri,A2,ru
внутрь,向里面，往内部,vnutr',A2,ru
вовремя,按时，准时,vovremya,A2,ru
водить,驾驶，引导,vodit',A2,ru
водить автомобиль,开车，驾驶汽车,vodit' avtomobil',A2,ru
воздух,空气,vozdukh,A2,ru
возить,运送，搬运,vozit',A2,ru
вокзал,火车站，车站,vokzal,A2,ru
восемнадцатый,第十八,vosemnadcatyy,A2,ru
воспитывать,教育，培养,vospityvat',A2,ru
восьмидесятый,第八十,vos'midesyatyy,A2,ru
восьмисотый,第八百,vos'misotyy,A2,ru
восьмой,第八,vos'moy,A2,ru
вперед,向前，前进,vperyod,A2,ru
впереди,在前面，在前方,vperedi,A2,ru
вправо,向右，往右,vpravo,A2,ru
враг,敌人，仇敌,vrag,A2,ru
вредный,有害的，有损健康的,vrednyy,A2,ru
все в порядке,一切正常，没问题,vse v poryadke,A2,ru
всегда,总是，一直,vsegda,A2,ru
вслух,大声地，出声地,vslukh,A2,ru
вставать,起床，起立,vstavat',A2,ru
встреча,会议，见面,vstrecha,A2,ru
встречать,见面，迎接,vstrechat',A2,ru
встречаться,见面，相遇,vstrechat'sya,A2,ru
второе,第二道菜，第二,vtoroye,A2,ru
второй,第二,vtoroy,A2,ru
втроем,三人一起，三人共同,vtroem,A2,ru
вчерашний,昨天的，昨日的,vcherashniy,A2,ru
въезжать,进入，驶入,"v""yezzhat'",A2,ru
выбор,选择，选举,vybor,A2,ru
выборы,选举,vybory,A2,ru
выбрасывать,扔掉，丢弃,vybrasyvat',A2,ru
вывеска,招牌，标志,vyveska,A2,ru
выезжать,离开，驶出,vyyezzhat',A2,ru
вызывать,引起，召唤，打电话,vyzyvat',A2,ru
выкидывать,扔掉，丢弃,vykidyvat',A2,ru
вылет,起飞，出发,vytet,A2,ru
вылетать,起飞，飞出,vyletat',A2,ru
вынимать,取出，拿出,vynimat',A2,ru
выписывать,开出，填写，订阅,vypisyvat',A2,ru
выражение,表情，表达，词组,vyrazheniye,A2,ru
вырастать,长大，成长,vyrastat',A2,ru
высоко,高高地，高度地,vysoko,A2,ru
высота,高度，海拔,vysota,A2,ru
выставка,展览，展会,vystavka,A2,ru
выходить замуж,出嫁，结婚（指女性）,vykhodit' zamuzh,A2,ru
выходной,休息日， 的缩写,vykhodnoy,A2,ru
выше,更高，上面,vyshe,A2,ru
газ,气体，瓦斯,gaz,A2,ru
газета,报纸,gazeta,A2,ru
газовый,气体的，煤气的,gazovyy,A2,ru
галочка,勾号，对号,galochka,A2,ru
гараж,车库,garazh,A2,ru
гарнир,配菜，配食,garnir,A2,ru
гимнастика,体操，健身,gimnastika,A2,ru
главная роль,主要角色，主角,glavnaya rol',A2,ru
главный,主要的，重要的,glavnyy,A2,ru
гладить,熨烫，抚摸,gladit',A2,ru
глубоко,深深地，深度地,gluboko,A2,ru
глупый,愚蠢的，傻的,glupyy,A2,ru
гол,进球，球门,gol,A2,ru
голод,饥饿,golod,A2,ru
гореть,燃烧，着火,gorat',A2,ru
горло,喉咙，咽喉,gorlo,A2,ru
городской,城市的，市区的,gorodskoy,A2,ru
горько,苦地，痛苦地,gor'ko,A2,ru
горячо,热地，热烈地,garyacho,A2,ru
гостиная,客厅，起居室,gostinaya,A2,ru
гостиница,旅馆，酒店,gostinitsa,A2,ru
государственный,国家的，国有的,gosudarstvennyy,A2,ru
государство,国家，政府,gosudarstvo,A2,ru
готовый,准备好的，现成的,gotovyy,A2,ru
градус,度，度数,gradus,A2,ru
грамматика,语法,grammatika,A2,ru
грамматический,语法的,grammaticheskiy,A2,ru
граница,边界，国界,granitsa,A2,ru
гриб,蘑菇,grib,A2,ru
гриль,烧烤，烤架,gril',A2,ru
грипп,流感,gripp,A2,ru
гроза,雷雨，暴风雨,groza,A2,ru
грустный,悲伤的，忧愁的,grustnyy,A2,ru
грязный,脏的，不洁的,gryaznyy,A2,ru
грязь,泥土，污垢,gryaz',A2,ru
давно,很久以前，早已,davno,A2,ru
далекий,遥远的，远处的,dalekiy,A2,ru
дальше,更远，进一步,dal'she,A2,ru
дательный,与格的,datel'nyy,A2,ru
двадцатый,第二十,dvadcatyy,A2,ru
двенадцатый,第十二,dvenadcatyy,A2,ru
двоюродный,堂的，表的，远亲的,dvoyurodnyy,A2,ru
двухсотый,第二百,dvukhsotyy,A2,ru
девяностый,第九十,devyanostyy,A2,ru
девятисотый,第九百,devyatisotyy,A2,ru
девятнадцатый,第十九,devyatnadcatyy,A2,ru
девятый,第九,devyatyy,A2,ru
декан,系主任，院长,dekan,A2,ru
деканат,系办公室，教务处,dekanat,A2,ru
декларация,声明，申报单,deklaratsiya,A2,ru
делать покупки,购物，买东西,delat' pokupki,A2,ru
деление,除法，分开，划分,delenie,A2,ru
делить,分，划分，分享,delit,A2,ru
дело,事情，案件，业务，事业,delo,A2,ru
День Победы,胜利日,den pobedy,A2,ru
дерево,树，木头,derevo,A2,ru
деревянный,木制的，木头的,derevyannyy,A2,ru
держать,拿着，持有，保持,derzhat,A2,ru
десерт,甜点，餐后甜点,desert,A2,ru
десятый,第十,desyatyy,A2,ru
детский,儿童的，孩子气的,detskiy,A2,ru
детский сад,幼儿园,detskiy sad,A2,ru
детство,童年,detstvo,A2,ru
дециметр,分米,detsimetr,A2,ru
джемпер,毛衣，针织套衫,dzhemper,A2,ru
диктовать,听写，口授，命令,diktovat,A2,ru
диск,光盘，磁盘，唱片,disk,A2,ru
дискотека,迪斯科舞厅，迪斯科晚会,diskoteka,A2,ru
до,到，在...之前，直到,do,A2,ru
добро,善良，善行，好处,dobro,A2,ru
добрый,善良的，好的,dobryy,A2,ru
добрый вечер,晚上好,dobryy vecher,A2,ru
добрый день,下午好，您好,dobryy den,A2,ru
доехать,抵达，到达,doekhat,A2,ru
долгий,长久的，长时间的,dolgiy,A2,ru
домашнее животное,宠物,domashnee zhivotnoe,A2,ru
домашний,家庭的，家养的,domashniy,A2,ru
домой,回家，向家,domoy,A2,ru
дорога,道路，路途,doroga,A2,ru
дорожный знак,路标，交通标志,dorozhnyy znak,A2,ru
достаточно,足够地，充分地,dostatochno,A2,ru
достопримечательность,名胜古迹，景点,dostoprimechatelnost,A2,ru
доходить,走到，达到，涉及到,dokhodit,A2,ru
друг друга,互相，彼此（宾格），彼此,drug druga,A2,ru
друг другу,互相，彼此（与格），彼此,drug drugu,A2,ru
друг c другом,一起，彼此之间,drug s drugom,A2,ru
дружить,做朋友，交朋友,druzhit,A2,ru
дружно,友好地，和睦地，协调地,druzhno,A2,ru
дыня,甜瓜，香瓜,dynya,A2,ru
дышать,呼吸,dyshat,A2,ru
единственный,唯一的，仅有的,edinstvennyy,A2,ru
ежегодный,每年的，一年一度的,ezhegodnyy,A2,ru
ежедневный,每日的，日常的,ezhednevnyy,A2,ru
ездить,乘车去,ezdit,A2,ru
елка,圣诞树，枞树,elka,A2,ru
если,如果，假如,esli,A2,ru
еще,还，再，更加,eshche,A2,ru
еще не,还没有，尚未,eshche ne,A2,ru
жажда,口渴，渴望,zhazhda,A2,ru
жалко,可惜，怜悯，舍不得,zhalko,A2,ru
жалюзи,百叶窗,zhalyuzi,A2,ru
жара,炎热，高温,zhara,A2,ru
жареный,油炸的，烤的,zharenyy,A2,ru
жарить,煎，炸，烤,zharit,A2,ru
жаркий,炎热的，热情的,zharkiy,A2,ru
желание,愿望，意愿,zhelanie,A2,ru
желать,希望，祝愿,zhelat,A2,ru
железная дорога,铁路,zheleznaya doroga,A2,ru
железнодорожная станция,火车站,zheleznodorozhnaya stantsiya,A2,ru
железнодорожный,铁路的,zheleznodorozhnyy,A2,ru
жениться,结婚（指男性），结婚，结婚吧,zhenitsya,A2,ru
животное,动物,zhivotnoe,A2,ru
жир,脂肪，油脂,zhir,A2,ru
жирный,油腻的，肥的,zhirnyy,A2,ru
жительство,居住，住所,zhitelstvo,A2,ru
журнал,杂志，日志,zhurnal,A2,ru
за,在...后面，为了，在...期间,za,A2,ru
за границей,在国外,za granitsey,A2,ru
забирать,拿走，接走，领取,zabirat,A2,ru
заболеть,生病，得病,zabolet,A2,ru
заворачивать,转弯，包装，卷起,zavorachivat,A2,ru
загадка,谜语，谜,zagadka,A2,ru
заглавие,标题，书名,zaglavie,A2,ru
заголовок,标题，题目,zagolovok,A2,ru
задний,后面的，后部的,zadniy,A2,ru
зажигалка,打火机,zazhigalka,A2,ru
заказывать,订购，点餐，预订,zakazyvat,A2,ru
заканчивать,结束，完成,zakanchivat,A2,ru
закрываться,关闭，关门,zakryvatsya,A2,ru
закуска,小吃，开胃菜,zakuska,A2,ru
зал,大厅，礼堂,zal,A2,ru
замерзать,结冰，冻僵,zamerzat,A2,ru
замолчать,沉默下来，停止说话,zamolchat,A2,ru
замороженный,冷冻的,zamorozhennyy,A2,ru
замуж,出嫁，结婚（指女性），结婚，已婚,zamuzh,A2,ru
занавеска,窗帘，帘子,zanaveska,A2,ru
запах,气味，香味,zapakh,A2,ru
запирать,锁上，关住,zapirat,A2,ru
записная книжка,笔记本，记事本,zapisnaya knizhka,A2,ru
записывать,记录，写下，录音,zapisyvat,A2,ru
запись,记录，录音，条目,zapis,A2,ru
заплакать,开始哭起来,zaplakat,A2,ru
запрещать,禁止，不准,zapreshchat,A2,ru
зарегистрироваться,注册，登记,zaregistrirovatsya,A2,ru
зарплата,工资，薪水,zarplata,A2,ru
засмеяться,开始笑起来,zasmeyatsya,A2,ru
зачем,为什么，为何,zachem,A2,ru
звезда,星星，明星,zvezda,A2,ru
зверь,野兽，猛兽,zver,A2,ru
звонить,打电话，响,zvonit,A2,ru
звонкий,响亮的，清脆的,zvonkiy,A2,ru
звонок,铃声，电话，门铃,zvonok,A2,ru
звучать,听起来，发出声音,zvuchat,A2,ru
здоровье,健康,zdorove,A2,ru
земля,土地，地球，地面,zemlya,A2,ru
земляк,同乡，老乡,zemlyak,A2,ru
зеркало,镜子,zerkalo,A2,ru
зимний,冬天的，冬季的,zimniy,A2,ru
зло,恶，邪恶，坏事,zlo,A2,ru
знакомиться,认识，相识，了解,znakomitsya,A2,ru
зонт,雨伞,zont,A2,ru
зоопарк,动物园,zoopark,A2,ru
зритель,观众，旁观者,zritel,A2,ru
зубная нить,牙线,zubnaya nits,A2,ru
играть роль,扮演角色，起作用,igrat rol,A2,ru
идти пешком,步行，走路,idti peshkom,A2,ru
из-под,从...下面，从...底下,iz-pod,A2,ru
известный,著名的，知名的,izvestnyy,A2,ru
извинение,道歉，借口,izvinenie,A2,ru
извиняться,道歉，请求原谅,izvinyatsya,A2,ru
иногда,有时，偶尔,inogda,A2,ru
инструкция,说明书，指示,instruktsiya,A2,ru
интересный,有趣的，有意思的,interesnyy,A2,ru
интернет-магазин,网店，网上商店,internet-magazin,A2,ru
интонация,语调，声调,intonatsiya,A2,ru
искать,寻找，搜索,iskat,A2,ru
искать работу,找工作,iskat rabotu,A2,ru
исключение,例外，排除,isklyuchenie,A2,ru
искусство,艺术,iskusstvo,A2,ru
исправлять,改正，修正，修理,ispravlyat,A2,ru
испугаться,害怕起来，受惊吓,ispugatsya,A2,ru
кавычка,引号,kavychka,A2,ru
каждый,每个，每一个,kazhdyy,A2,ru
кажется,似乎，好像,kazhetsya,A2,ru
календарь,日历,kalendar,A2,ru
каникулы,假期，休假,kanikuly,A2,ru
капитан,船长，机长，队长,kapitan,A2,ru
картина,画，图画，画面,kartina,A2,ru
картинка,图片，小画,kartinka,A2,ru
кастрюля,锅，炖锅,kastryulya,A2,ru
каталог,目录，商品目录,katalog,A2,ru
кафе,咖啡馆，小餐馆,kafe,A2,ru
каша,粥，麦片粥,kasha,A2,ru
кашель,咳嗽,kashel,A2,ru
кашлять,咳嗽,kashlyat,A2,ru
квадрат,正方形，平方,kvadrat,A2,ru
квартплата,房租，公寓管理费,kvartplata,A2,ru
кидать,扔，投，抛,kidat,A2,ru
кинофильм,电影，影片,kinofilm,A2,ru
киоск,售货亭，报亭,kiosk,A2,ru
кислый,酸的,kislyy,A2,ru
клуб,俱乐部，会所,klub,A2,ru
клубника,草莓,klubnika,A2,ru
кнопка,按钮，纽扣,knopka,A2,ru
ковер,地毯,kover,A2,ru
коктейль,鸡尾酒,kokteyl,A2,ru
колготки,连裤袜，紧身裤,kolgotki,A2,ru
колесо,轮子，车轮,koleso,A2,ru
кольцо,戒指，环,koltso,A2,ru
комикс,漫画，连环画,komiks,A2,ru
компьютерная игра,电脑游戏,kompyuternaya igra,A2,ru
компьютерный,电脑的，计算机的,kompyuternyy,A2,ru
конечно,当然，自然,konechno,A2,ru
конкурс,比赛，竞赛，选秀,konkurs,A2,ru
концерт,音乐会,kontsert,A2,ru
коридор,走廊，楼道,koridor,A2,ru
корм,饲料，饵料,korm,A2,ru
кормить,喂养，饲养，喂食,kormit,A2,ru
корова,奶牛，母牛,korova,A2,ru
костюм,西装，套装，戏服,kostyum,A2,ru
кот,公猫,kot,A2,ru
котенок,小猫，小猫咪,kotenok,A2,ru
который,哪一个，那一个，该,kotoryy,A2,ru
который час,几点钟,kotoryy chas,A2,ru
кофеварка,咖啡机,kofevarka,A2,ru
кошелек,钱包,koshelek,A2,ru
кран,水龙头，起重机,kran,A2,ru
крем,面霜，奶油，乳霜,krem,A2,ru
кремль,克里姆林宫,kreml,A2,ru
крест,十字，十字架,krest,A2,ru
кричать,喊叫，大叫,krichat,A2,ru
кроссовки,运动鞋,krossovki,A2,ru
крыша,屋顶,krysha,A2,ru
крышка,盖子，瓶盖,kryshka,A2,ru
кукла,洋娃娃，玩偶,kukla,A2,ru
культура,文化,kultura,A2,ru
купальник,泳衣，游泳衣,kupalnik,A2,ru
купаться,游泳，洗澡,kupatsya,A2,ru
купе,火车包厢,kupe,A2,ru
курить,吸烟，抽烟,kurit,A2,ru
курс,课程，汇率，航向,kurs,A2,ru
курс валют,汇率，货币汇率,kurs valyut,A2,ru
кусок,块，片，段,kusok,A2,ru
кусочек,一小块，一小片,kusochek,A2,ru
кухонный,厨房的,kukhonnyy,A2,ru
лампочка,灯泡,lampochka,A2,ru
легкий,轻的，容易的，清淡的,legkiy,A2,ru
легковой автомобиль,轻型汽车，小轿车,legkovoy avtomobil,A2,ru
лед,冰,led,A2,ru
лексика,词汇，词汇量,leksika,A2,ru
лекция,讲座，讲课,lektsiya,A2,ru
лес,森林，树林,les,A2,ru
лестница,楼梯，阶梯,lestnitsa,A2,ru
лет назад,...年前,let nazad,A2,ru
летать,飞行，飞翔,letat,A2,ru
лететь,飞行，飞往,letet,A2,ru
летний,夏天的，夏季的,letniy,A2,ru
лечить,治疗，医治,lechit,A2,ru
линейка,尺子，直尺,lineyka,A2,ru
лист,叶子，一张（纸），纸,list,A2,ru
литература,文学，文献,literatura,A2,ru
лифт,电梯,lift,A2,ru
ложиться,躺下，就寝,lozhitsya,A2,ru
лошадь,马,loshad,A2,ru
луна,月亮,luna,A2,ru
лучше,更好，较好了,luchshe,A2,ru
лучший,最好的，最佳的,luchshiy,A2,ru
любовь,爱情，爱,lyubov,A2,ru
любой,任何的，任何一个,lyuboy,A2,ru
магнитофон,磁带录音机,magnitofon,A2,ru
майка,背心，T恤,mayka,A2,ru
малыш,婴儿，小家伙,malysh,A2,ru
мандарин,橘子，柑橘,mandarin,A2,ru
маршрутка,小巴，固定路线小巴士,marshrutka,A2,ru
медицина,医学,meditsina,A2,ru
медицинский,医学的，医疗的,meditsinskiy,A2,ru
медсестра,护士,medsestra,A2,ru
между,在...之间,mezhdu,A2,ru
междугородний,城际的，城市间的,mezhdugorodniy,A2,ru
мелко,细小地，零碎地,melko,A2,ru
мелочь,零钱，小事，小东西,meloch,A2,ru
меню,菜单,menyu,A2,ru
менять,更换，改变，交换,menyat,A2,ru
мечтать,梦想，幻想,mechtat,A2,ru
мешать,打扰，妨碍，混合,meshat,A2,ru
миллиард,十亿,milliard,A2,ru
миллиардный,第十亿的，数十亿的,milliardnyy,A2,ru
миллиметр,毫米,millimetr,A2,ru
миллион,百万,million,A2,ru
миллионный,第一百万的，数百万的,millionnyy,A2,ru
минус,减，负号，零下,minus,A2,ru
мир,世界，和平，平静,mir,A2,ru
младший,较年轻的，年纪较小的,mladshiy,A2,ru
млн,百万,mln,A2,ru
мм,毫米,mm,A2,ru
многоэтажный,多层的，高楼层的,mnogoetazhnyy,A2,ru
множественное число,复数,mnozhestvennoe chislo,A2,ru
мода,时尚，流行,moda,A2,ru
модный,时尚的，流行的,modnyy,A2,ru
может быть,可能，也许,mozhet byt,A2,ru
мокрый,湿的，潮湿的,mokryy,A2,ru
молочный,奶制的，乳白色的,molochnyy,A2,ru
молчать,沉默，不说话,molchat,A2,ru
монета,硬币,moneta,A2,ru
монолог,独白，独角戏,monolog,A2,ru
море,海，大海,more,A2,ru
морепродукты,海鲜,moreprodukty,A2,ru
мороз,严寒，霜冻,moroz,A2,ru
морской,海的，海洋的，海军的,morskoy,A2,ru
москвич,莫斯科人,moskvich,A2,ru
мост,桥，桥梁,most,A2,ru
мостик,小桥，桥牌,mostik,A2,ru
музей,博物馆,muzey,A2,ru
мультфильм,动画片，卡通片,multfilm,A2,ru
мусор,垃圾，废物,musor,A2,ru
мысль,思想，想法，念头,mysl,A2,ru
наверное,大概，可能，想必,navernoe,A2,ru
наверх,向上，往上,naverkh,A2,ru
наверху,在上面，在楼上,naverkhu,A2,ru
наволочка,枕套,navolochka,A2,ru
над,在...上方，超过,nad,A2,ru
надевать,穿上，戴上,nadevat,A2,ru
назад,回去，向后,nazad,A2,ru
наземный,地面的，陆地的,nazemnyy,A2,ru
налево,向左，左边,nalevo,A2,ru
наливать,倒入，斟满,nalivat,A2,ru
направление,方向，指南,napravlenie,A2,ru
направо,向右，右边,napravo,A2,ru
напротив,在对面，相反,naprotiv,A2,ru
нарисовать,画画，绘制,narisovat,A2,ru
наружу,向外，到外面,naruzhu,A2,ru
насморк,流鼻涕，鼻塞,nasmork,A2,ru
настоящее время,现在时，当前时间,nastoyashchee vremya,A2,ru
настроение,心情，情绪,nastroenie,A2,ru
наука,科学,nauka,A2,ru
научить,教会，教授,nauchit,A2,ru
научиться,学会，学到,nauchitsya,A2,ru
находить,找到，发现,nakhodit,A2,ru
находиться,位于，处在,nakhoditsya,A2,ru
начало,开始，开端,nachalo,A2,ru
начинающий,初学的，开始的,nachinayushchiy,A2,ru
не может быть,不可能，不会吧,ne mozhet byt,A2,ru
небо,天空,nebo,A2,ru
небольшой,不大的，小的，少量的,nebolshoy,A2,ru
неверный,不正确的，错误的,nevernyy,A2,ru
негромко,声音不大地，轻声地,negromko,A2,ru
недавно,最近，不久前,nedavno,A2,ru
недалеко,不远，附近,nedaleko,A2,ru
недолго,不长，不久,nedolgo,A2,ru
незнакомый,不熟悉的，陌生的,neznakomyy,A2,ru
нелегкий,不容易的，艰难的,nelegkiy,A2,ru
нелегко,不容易地，艰难地,nelegko,A2,ru
немного,一点儿，有些,nemnogo,A2,ru
немножко,一点儿，稍微,nemnozhko,A2,ru
ненавидеть,憎恨，讨厌,nenavidet,A2,ru
неплохо,不错，挺好,neplokho,A2,ru
неплохой,不错的，挺好的,neplokhoy,A2,ru
неправда,不真实，谎言,nepravda,A2,ru
неприятно,令人不快地，不舒服地,nepriyatno,A2,ru
неприятный,令人不快的，讨厌的,nepriyatnyy,A2,ru
несколько,几个，一些,neskolko,A2,ru
несовершенный,未完成体的，不完美的,nesovershennyy,A2,ru
несчастный,不幸的，可怜的,neschastnyy,A2,ru
ни,也不，甚至不，连...都，不,ni,A2,ru
нигде,到处都不，无处,nigde,A2,ru
ниже,在下面，更低,nizhe,A2,ru
нижний,下面的，下部的,nizhniy,A2,ru
низко,低低地，在低处,nizko,A2,ru
никогда,从不，永远不,nikogda,A2,ru
никто,没有人，谁也不,nikto,A2,ru
ничего,没什么，没关系,nichego,A2,ru
но,但是，可是,no,A2,ru
новогодние каникулы,新年假期,novogodnie kanikuly,A2,ru
новогодний,新年的,novogodniy,A2,ru
новость,新闻，消息,novost,A2,ru
нормальный,正常的，正规的,normalnyy,A2,ru
носить,穿，戴，携带,nosit,A2,ru
ноутбук,笔记本电脑,noutbuk,A2,ru
ночевать,过夜，借宿,nochevat,A2,ru
ночная рубашка,睡衣（女式），睡衣,nochnaya rubashka,A2,ru
ночной,夜间的，夜晚的,nochnoy,A2,ru
нулевой,零的，零度的,nulevoy,A2,ru
о,关于，涉及,o,A2,ru
об,关于（在元音前），关于,ob,A2,ru
оба,两个都，双方,oba,A2,ru
облако,云,oblako,A2,ru
образец,样本，样品，范例,obrazets,A2,ru
образование,教育，学历，形成,obrazovanie,A2,ru
обратно,返回，往回,obratno,A2,ru
обратный,返回的，反向的,obratnyy,A2,ru
обращать внимание,注意，关注,obrashchat vnimanie,A2,ru
обращение,称呼，处理,obrashchenie,A2,ru
обучение,教学，培训,obuchenie,A2,ru
общий,总的，共同的，一般的,obshchiy,A2,ru
объем,体积，容量，量,obem,A2,ru
объяснение,解释，说明,obyasnenie,A2,ru
обычный,通常的，普通的,obychnyy,A2,ru
обязательно,一定，必须,obyazatelno,A2,ru
огонь,火，火焰,ogon,A2,ru
одинаковый,相同的，一样的,odinakovyy,A2,ru
одиннадцатый,第十一,odinnadtsatyy,A2,ru
однажды,有一次，有一天,odnazhdy,A2,ru
одноразовый,一次性的,odnorazovyy,A2,ru
океан,海洋,okean,A2,ru
около,大约，在...附近,okolo,A2,ru
окончание,结束，结尾，词尾,okonchanie,A2,ru
опаздывать,迟到，延误,opazdyvat,A2,ru
опасность,危险,opasnost,A2,ru
опоздание,迟到，延误,opozdanie,A2,ru
осенний,秋天的，秋季的,osenniy,A2,ru
оставаться,留下，仍然是,ostavatsya,A2,ru
останавливаться,停留，停靠，住宿,ostanavlivatsya,A2,ru
остров,岛屿,ostrov,A2,ru
отводить,领开，拨给，分配,otvodit,A2,ru
отвозить,运走，送去,otvozit,A2,ru
отгадывать,猜出，猜中,otgadyvat,A2,ru
отдавать,交给，归还，付出,otdavat,A2,ru
отдых,休息，休假,otdykh,A2,ru
отель,酒店，旅馆,otel,A2,ru
открываться,打开，开业，展现,otkryvatsya,A2,ru
отличать,区分，辨别,otlichat,A2,ru
отличаться,与...不同，有区别,otlichatsya,A2,ru
отлично,优秀地，极好地,otlichno,A2,ru
отличный,优秀的，极好的,otlichnyy,A2,ru
относить,拿走，带去,otnosit,A2,ru
отправлять,寄出，发送，派遣,otpravlyat,A2,ru
отпуск,假期（通常指年假），假期,otpusk,A2,ru
отсюда,从这里，因此,otsyuda,A2,ru
оттуда,从那里,ottuda,A2,ru
отходить,走开，离开，恢复意识,otkhodit,A2,ru
офис,办公室,ofis,A2,ru
официальный,官方的，正式的,ofitsialnyy,A2,ru
официант,服务员（男），服务员,ofitsiant,A2,ru
очередь,队伍，队列,ochered,A2,ru
пакет,袋子，包，软件包,paket,A2,ru
паковать,打包，包装,pakovat,A2,ru
памятник,纪念碑，雕像,pamyatnik,A2,ru
парень,小伙子，男朋友,paren,A2,ru
парикмахерская,理发店，美发厅,parikmakherskaya,A2,ru
парк,公园,park,A2,ru
паркинг,停车场,parking,A2,ru
парковать,停车,parkovat,A2,ru
пароль,密码，口令,parol,A2,ru
пасха,复活节,paskha,A2,ru
пачка,包，盒（如香烟），盒,pachka,A2,ru
пельмени,饺子（俄式），饺子,pelmeni,A2,ru
пена,泡沫，沫子,pena,A2,ru
пепельница,烟灰缸,pepelnitsa,A2,ru
первое,第一道菜，第一个,pervoe,A2,ru
первый,第一,pervyy,A2,ru
перед,在...前面，在...之前,pered,A2,ru
передавать,转交，传递，转播,peredavat,A2,ru
передача,传输，节目，转交,peredacha,A2,ru
передний,前面的，前部的,peredniy,A2,ru
переезжать,搬家，迁居，穿过,pereezzhat,A2,ru
перекресток,十字路口,perekrestok,A2,ru
пересказывать,复述，转述,pereskazyvat,A2,ru
переспрашивать,再问一遍，确认,peresprashivat,A2,ru
пешком,步行，徒步,peshkom,A2,ru
пианино,钢琴,pianino,A2,ru
писатель,作家,pisatel,A2,ru
письменный,书面的，写作的,pismennyy,A2,ru
питьевая вода,饮用水,pitevaya voda,A2,ru
плавание,游泳，航行,plavanie,A2,ru
плакать,哭，哭泣,plakat,A2,ru
план,计划，平面图,plan,A2,ru
пластырь,创可贴，膏药,plastyr,A2,ru
плата,费用，板，电路板,plata,A2,ru
платить,付款，支付,platit,A2,ru
плеер,播放器，随身听,pleer,A2,ru
плыть,游泳，航行，漂浮,plyt,A2,ru
плюс,加，正号，优点,plyus,A2,ru
по,沿着，根据，在...方面,po,A2,ru
по-другому,用另一种方式，不同地,po-drugomu,A2,ru
поблагодарить,感谢，致谢,poblagodarit,A2,ru
повар,厨师,povar,A2,ru
поворачивать,转弯，转向,povorachivat,A2,ru
поворот,转弯，拐弯，转折点,povorot,A2,ru
под,在...下面，快到...时,pod,A2,ru
подготовка,准备，培训,podgotovka,A2,ru
подземный,地下的,podzemnyy,A2,ru
поднимать,举起，抬起，提高,podnimat,A2,ru
подниматься,上升，登上，起床,podnimatsya,A2,ru
поднос,托盘,podnos,A2,ru
подождать,等一等，等待,podozhdat,A2,ru
подоконник,窗台,podokonnik,A2,ru
подросток,青少年,podrostok,A2,ru
подружка,女朋友，女性朋友,podruzhka,A2,ru
подумать,想一想，考虑,podumat,A2,ru
подходить,走近，适合，接近,podkhodit,A2,ru
подъезжать,驶近，开车到,podezzhat,A2,ru
поезд,火车,poezd,A2,ru
поездка,旅行，出行,poezdka,A2,ru
поехать,出发，前往（乘车），前往乘车，前往,poekhat,A2,ru
позавчера,前天,pozavchera,A2,ru
поздно,晚，迟,pozdno,A2,ru
поздравление,祝贺，祝词,pozdravlenie,A2,ru
позже,较晚，以后,pozzhe,A2,ru
показывать,展示，指出，表演,pokazyvat,A2,ru
покупатель,顾客，买家,pokupatel,A2,ru
полдень,中午,polden,A2,ru
полезный,有用的，有益的,poleznyy,A2,ru
полет,飞行，航程,polet,A2,ru
поликлиника,综合诊所，门诊部,poliklinika,A2,ru
полночь,午夜，半夜,polnoch,A2,ru
полный,满的，完整的，全部的,polnyy,A2,ru
половина,一半,polovina,A2,ru
полтора,一个半,poltora,A2,ru
полуостров,半岛,poluostrov,A2,ru
получатель,收件人，接收者,poluchatel,A2,ru
получаться,成功，结果是,poluchatsya,A2,ru
польза,益处，好处,polza,A2,ru
полюбить,爱上，喜欢上,polyubit,A2,ru
помощь,帮助，援助,pomoshch,A2,ru
понос,腹泻，拉肚子,ponos,A2,ru
попкорн,爆米花,popkorn,A2,ru
поправлять,改正，修正，整理,popravlyat,A2,ru
посередине,在中间，在中央,poseredine,A2,ru
после,在...之后,posle,A2,ru
последний,最后的，最近的,posledniy,A2,ru
послезавтра,后天,poslezavtra,A2,ru
посмотреть,看一看，观看,posmotret,A2,ru
посольство,大使馆,posolstvo,A2,ru
поставить,放置，设立，安排,postavit,A2,ru
постель,床，床铺,postel,A2,ru
поступать,做，行动,postupat,A2,ru
постучать,敲，敲门,postuchat,A2,ru
посылать,寄送，派遣,posylat,A2,ru
посылка,包裹，邮包,posylka,A2,ru
пот,汗，汗水,pot,A2,ru
потерять,丢失，失去,poteryat,A2,ru
потолок,天花板,potolok,A2,ru
потом,然后，后来,potom,A2,ru
потому что,因为,potomu chto,A2,ru
похожий,相似的，相像的,pokhozhiy,A2,ru
поцеловать,亲吻,potselovat,A2,ru
поцелуй,吻,potseluy,A2,ru
почти,几乎，差不多,pochti,A2,ru
почтовая марка,邮票,pochtovaya marka,A2,ru
почтовый,邮政的，邮局的,pochtovyy,A2,ru
почтовый ящик,邮箱，邮政信箱,pochtovyy yashchik,A2,ru
поэтому,所以，因此,poetomu,A2,ru
пояс,腰带，地带,poyas,A2,ru
правда,真相，事实，可是,pravda,A2,ru
правило,规则，规定,pravilo,A2,ru
правительство,政府,pravitelstvo,A2,ru
праздничный,节日的，喜庆的,prazdnichnyy,A2,ru
предлагать,提供，建议,predlagat,A2,ru
предложный,前置格的,predlozhnyy,A2,ru
предмет,物品，科目，对象,predmet,A2,ru
представление,表演，概念，介绍,predstavlenie,A2,ru
представляться,自我介绍，呈现,predstavlyatsya,A2,ru
предъявлять,出示，提出要求,predyavlyat,A2,ru
президент,总统，主席,prezident,A2,ru
прекрасный,美妙的，极好的,prekrasnyy,A2,ru
премьер-министр,总理，首相,premer-ministr,A2,ru
преподавать,教授，任教,prepodavat,A2,ru
при,在...旁边，在...时，有,pri,A2,ru
приближаться,接近，靠近,priblizhatsya,A2,ru
прибывать,到达，抵达（未完成体），抵达,pribyvat,A2,ru
прибытие,到达，抵达（名词），抵达,pribytie,A2,ru
привести,带来，引到（完成体），引到,privesti,A2,ru
привозить,运来，带来（未完成体），带来,privozit,A2,ru
привыкать,习惯，适应,privykat,A2,ru
привычка,习惯,privychka,A2,ru
приглашение,邀请，请柬,priglashenie,A2,ru
приезжать,到达，到达乘车,priezzhat,A2,ru
приземляться,着陆，降落,prizemlyatsya,A2,ru
прилагательное,形容词,prilagatelnoe,A2,ru
прилетать,飞抵，到达乘飞机,priletat,A2,ru
пример,例子，榜样,primer,A2,ru
примерно,大约，大概,primerno,A2,ru
природа,自然，大自然,priroda,A2,ru
приставка,前缀，附件,pristavka,A2,ru
присылать,寄来，送来（未完成体），送来,prisylat,A2,ru
прихожая,门厅，玄关,prikhozhaya,A2,ru
причастие,形动词，圣餐,prichastie,A2,ru
приятный,愉快的，舒服的,priyatnyy,A2,ru
пробовать,尝试，品尝,probovat,A2,ru
проверка,检查，检验,proverka,A2,ru
проверять,检查，核实,proveryat,A2,ru
провести,度过，进行，引导（完成体），引导,provesti,A2,ru
продавать,卖，出售,prodavat,A2,ru
продолжать,继续,prodolzhat,A2,ru
продолжение,继续，续集,prodolzhenie,A2,ru
продукт,产品，食品,produkt,A2,ru
проезд,通行，车费，通道,proezd,A2,ru
проехать,驶过，乘车经过,proekhat,A2,ru
происходить,发生，来自,proiskhodit,A2,ru
проспать,睡过头，睡着错过,prospat,A2,ru
простыня,床单,prostynya,A2,ru
просыпаться,醒来，睡醒,prosypatsya,A2,ru
просьба,请求，要求,prosba,A2,ru
профессия,职业,professiya,A2,ru
профессор,教授,professor,A2,ru
проходить,通过，走过，学习,prokhodit,A2,ru
прочесть,阅读，读完（完成体），读完,prochest,A2,ru
прощание,告别，离别,proshchanie,A2,ru
прощаться,告别，告辞,proshchatsya,A2,ru
прощение,原谅，宽恕,proshchenie,A2,ru
прыгать,跳，跳跃,prygat,A2,ru
прямо,笔直地，直接地,pryamo,A2,ru
птица,鸟,ptitsa,A2,ru
путешественник,旅行者，游客,puteshestvennik,A2,ru
путешествие,旅行，旅程,puteshestvie,A2,ru
путешествовать,旅行,puteshestvovat,A2,ru
путь,道路，途径，方法,put,A2,ru
пятидесятый,第五十,pyatidesyatyy,A2,ru
пятисотый,第五百,pyatisotyy,A2,ru
пятнадцатый,第十五,pyatnadtsatyy,A2,ru
пятый,第五,pyatyy,A2,ru
радио,无线电，收音机,radio,A2,ru
разбудить,叫醒，唤醒,razbudit,A2,ru
разве,难道，真的吗,razve,A2,ru
разводиться,离婚，稀释,razvoditsya,A2,ru
разговаривать,谈话，交谈,razgovarivat,A2,ru
различать,区分，辨别,razlichat,A2,ru
различаться,有区别，不同,razlichatsya,A2,ru
размер,尺寸，大小，尺码,razmer,A2,ru
разный,不同的，各种各样的,raznyy,A2,ru
разрешать,允许，解决,razreshat,A2,ru
район,区，地区,rayon,A2,ru
рано,早，提前,rano,A2,ru
раньше,以前，较早,ranshe,A2,ru
расписание,时间表，日程表,raspisanie,A2,ru
распродажа,甩卖，大减价,rasprodazha,A2,ru
расcвет,黎明，拂晓,rassvet,A2,ru
рассказ,短篇小说，故事,rasskaz,A2,ru
расстояние,距离，间距,rasstoyanie,A2,ru
расти,生长，成长，增长,rasti,A2,ru
редко,很少，不经常,redko,A2,ru
резать,切，割，剪,rezat,A2,ru
резервировать,预订，保留,rezervirovat,A2,ru
рейс,航班，航次,reys,A2,ru
река,河，河流,reka,A2,ru
реклама,广告,reklama,A2,ru
ресторан,餐厅，饭馆,restoran,A2,ru
речь,演讲，言语，话语,rech,A2,ru
родительный,第二格的，属格的,roditelnyy,A2,ru
рождество,圣诞节,rozhdestvo,A2,ru
рождество христово,耶稣圣诞节,rozhdestvo khristovo,A2,ru
роза,玫瑰花,roza,A2,ru
розетка,插座，插孔,rozetka,A2,ru
роль,角色，作用,rol,A2,ru
россиянин,俄罗斯人（男性），俄罗斯人,rossiyanin,A2,ru
ругать,责骂，批评,rugat,A2,ru
рф,俄罗斯联邦,rf,A2,ru
рыбный,鱼的，鱼制的,rybnyy,A2,ru
рюкзак,背包,ryukzak,A2,ru
рюмка,小酒杯，烈酒杯,ryumka,A2,ru
рядом,在旁边，附近,ryadom,A2,ru
с,和，与，带有，从,s,A2,ru
с ... до ...,从...到...,s ... do ...,A2,ru
с удовольствием,很乐意，愉快地,s udovolstviem,A2,ru
сад,花园，果园,sad,A2,ru
садиться,坐下，上车，种植,saditsya,A2,ru
сайт,网站,sayt,A2,ru
салфетка,餐巾纸，小毛巾,salfetka,A2,ru
сам,自己，本人,sam,A2,ru
самый,最，正是,samyy,A2,ru
сандалии,凉鞋，便鞋,sandalii,A2,ru
сбоку,从侧面，在侧面,sboku,A2,ru
свежий,新鲜的，清新的,svezhiy,A2,ru
свекла,甜菜，红菜头,svekla,A2,ru
сверху,从上面，在上面,sverkhu,A2,ru
свобода,自由,svoboda,A2,ru
свой,自己的,svoy,A2,ru
сдавать экзамен,参加考试，应考,sdavat ekzamen,A2,ru
седьмой,第七,sedmoy,A2,ru
семейный,家庭的，家人的,semeynyy,A2,ru
семидесятый,第七十,semidesyatyy,A2,ru
семисотый,第七百,semisotyy,A2,ru
семнадцатый,第十七,semnadtsatyy,A2,ru
середина,中间，中部,seredina,A2,ru
сзади,从后面，在后面,szadi,A2,ru
сила,力量，力气,sila,A2,ru
сильно,很，非常，强烈地,silno,A2,ru
сильный,强壮的，强大的，强烈的,silnyy,A2,ru
сказка,童话，故事,skazka,A2,ru
скайп,Skype网络电话,skayp,A2,ru
скидка,折扣，打折,skidka,A2,ru
сковорода,煎锅，平底锅,skovoroda,A2,ru
скорость,速度,skorost,A2,ru
скучать,想念，感到无聊,skuchat,A2,ru
слабый,弱的，虚弱的，微弱的,slabyy,A2,ru
слева,从左边，在左边,sleva,A2,ru
слеза,眼泪,sleza,A2,ru
сливочный,奶油的，含奶油的,slivochnyy,A2,ru
словосочетание,词组，短语,slovosochetanie,A2,ru
сломать,打破，弄坏,slomat,A2,ru
случай,情况，事件，机会,sluchay,A2,ru
случаться,发生，遇到,sluchatsya,A2,ru
слышать,听见，听到,slyshat,A2,ru
слышно,听得见,slyshno,A2,ru
см,厘米,sm,A2,ru
смех,笑声,smekh,A2,ru
смешно,可笑地，滑稽地,smeshno,A2,ru
смешной,可笑的，滑稽的,smeshnoy,A2,ru
смеяться,笑，发笑,smeyatsya,A2,ru
смочь,能够，可以（完成体），可以,smoch,A2,ru
смс,短信,sms,A2,ru
снаружи,从外面，在外面,snaruzhi,A2,ru
сначала,首先，起初,snachala,A2,ru
снизу,从下面，在下面,snizu,A2,ru
совершенный,完成体的，完美的,sovershennyy,A2,ru
совет,建议，忠告，苏维埃,sovet,A2,ru
советовать,建议，劝告,sovetovat,A2,ru
современный,现代的，当代的,sovremennyy,A2,ru
совсем,完全，根本,sovsem,A2,ru
соединять,连接，联合,soedinyat,A2,ru
сожаление,遗憾，惋惜,sozhalenie,A2,ru
солить,加盐，腌制,solit,A2,ru
сонный,困倦的，想睡的,sonnyy,A2,ru
сообщение,消息，通知，通讯,soobshchenie,A2,ru
соревнование,比赛，竞赛,sorevnovanie,A2,ru
соревноваться,竞争，比赛,sorevnovatsya,A2,ru
сороковой,第四十,sorokovoy,A2,ru
соседний,邻近的，隔壁的,sosedniy,A2,ru
сотый,第一百,sotyy,A2,ru
союз,联盟，联合会，连接词,soyuz,A2,ru
спальня,卧室,spalnya,A2,ru
спереди,从前面，在前面,speredi,A2,ru
специальный,专门的，特别的,spetsialnyy,A2,ru
список,名单，清单,spisok,A2,ru
спокойно,安静地，平静地,spokoyno,A2,ru
спокойной ночи,晚安,spokoynoy nochi,A2,ru
спортзал,体育馆，健身房,sportzal,A2,ru
спортивная площадка,运动场,sportivnaya ploshchadka,A2,ru
спортплощадка,运动场,sportploshchadka,A2,ru
справа,从右边，在右边,sprava,A2,ru
справка,证明，参考信息,spravka,A2,ru
сразу,立刻，马上,srazu,A2,ru
средний,中等的，中间的,sredniy,A2,ru
срок годности,保质期，有效期,srok godnosti,A2,ru
срок действия,有效期,srok deystviya,A2,ru
срочный,紧急的，急件的,srochnyy,A2,ru
стадион,体育场,stadion,A2,ru
становиться,变成，成为,stanovitsya,A2,ru
старший,年长的，较大的，高级的,starshiy,A2,ru
стекло,玻璃，玻璃杯,steklo,A2,ru
стена,墙，墙壁,stena,A2,ru
стенка,墙，隔板，柜子,stenka,A2,ru
стиральная машина,洗衣机,stiralnaya mashina,A2,ru
стиральный порошок,洗衣粉,stiralnyy poroshok,A2,ru
стирать,洗（衣服），擦除，洗,stirat,A2,ru
стихи,诗歌，诗句,stikhi,A2,ru
сторона,方面，方向，侧,storona,A2,ru
странно,奇怪地，古怪地,stranno,A2,ru
страховка,保险,strakhovka,A2,ru
стрелка,箭头，指针,strelka,A2,ru
строго,严格地，严厉地,strogo,A2,ru
строить,建造，建设,stroit,A2,ru
стройный,苗条的，匀称的,stroynyy,A2,ru
строка,行，字符串,stroka,A2,ru
строчка,行，诗句,strochka,A2,ru
ступенька,台阶，梯级,stupenka,A2,ru
стучать,敲，敲打,stuchat,A2,ru
субтитры,字幕,subtitry,A2,ru
сувенир,纪念品,suvenir,A2,ru
сухой,干的，干燥的,sukhoy,A2,ru
счастливо,幸福地，幸运地,schastlivo,A2,ru
счастливый,幸福的，高兴的,schastlivyy,A2,ru
счастье,幸福，幸运,schaste,A2,ru
считать,认为，数数，计算,schitat,A2,ru
съесть,吃掉，吃完,sest,A2,ru
сытый,饱的，吃饱的,sytyy,A2,ru
таблетка,药片，药丸,tabletka,A2,ru
тапочки,拖鞋,tapochki,A2,ru
тв,电视,tv,A2,ru
творительный,第五格的，工具格的,tvoritelnyy,A2,ru
театр,剧院,teatr,A2,ru
телевизионный,电视的,televizionnyy,A2,ru
телефонный,电话的,telefonnyy,A2,ru
тем,更，越是（与形容词比较级连用），越是,tem,A2,ru
тема,主题，题目,tema,A2,ru
температура,温度，体温,temperatura,A2,ru
теперь,现在，目前,teper,A2,ru
терять,丢失，失去（未完成体），失去,teryat,A2,ru
тестирование,测试，测验,testirovanie,A2,ru
тетя,阿姨，姑妈，姨妈,tetya,A2,ru
техника,技术，设备,tekhnika,A2,ru
течь,流动，漏,tech,A2,ru
тихий,安静的，轻声的,tikhiy,A2,ru
тишина,安静，寂静,tishina,A2,ru
то же самое,同样的事情，一样,to zhe samoe,A2,ru
тобой,你（工具格），你,toboy,A2,ru
тогда,那时，那么,togda,A2,ru
тоже,也，也是,tozhe,A2,ru
ток-шоу,脱口秀，谈话节目,tok-shou,A2,ru
толкать,推，推动,tolkat,A2,ru
толстый,胖的，厚的,tolstyy,A2,ru
тонкий,薄的，细的，精致的,tonkiy,A2,ru
торопиться,匆忙，赶快,toropitsya,A2,ru
точно,准确地，的确,tochno,A2,ru
трава,草，草地,trava,A2,ru
тратить,花费，消耗,tratit,A2,ru
третий,第三,tretiy,A2,ru
трехсотый,第三百,trekhsotyy,A2,ru
тридцатый,第三十,tridtsatyy,A2,ru
тринадцатый,第十三,trinadtsatyy,A2,ru
труд,劳动，工作,trud,A2,ru
трудиться,劳动，努力工作,truditsya,A2,ru
туалетная бумага,卫生纸，厕纸,tualetnaya bumaga,A2,ru
туда,到那里，往那里,tuda,A2,ru
тумбочка,床头柜，小柜子,tumbochka,A2,ru
тупик,死胡同，僵局,tupik,A2,ru
туризм,旅游业，旅游,turizm,A2,ru
турникет,检票闸机，十字转门,turniket,A2,ru
тысячный,第一千,tysyachnyy,A2,ru
тянуть,拉，拖，抽,tyanut,A2,ru
убегать,跑开，逃跑,ubegat,A2,ru
убирать,收拾，整理，打扫,ubirat,A2,ru
уважаемый,尊敬的，敬爱的,uvazhaemyy,A2,ru
уважать,尊敬，尊重,uvazhat,A2,ru
увеличивать,增加，增大,uvelichivat,A2,ru
увеличиваться,增加，增大,uvelichivatsya,A2,ru
увидеть,看见，看到（完成体），看到,uvidet,A2,ru
угол,角，角落,ugol,A2,ru
удобный,方便的，舒适的,udobnyy,A2,ru
уже,已经,uzhe,A2,ru
узкий,窄的，狭窄的,uzkiy,A2,ru
узнавать,认出，得知,uznavat,A2,ru
улетать,飞走，起飞（未完成体），起飞,uletat,A2,ru
улыбаться,微笑,ulybatsya,A2,ru
улыбка,微笑,ulybka,A2,ru
ум,智慧，智力,um,A2,ru
уменьшать,减少，减小,umenshat,A2,ru
уменьшаться,减少，减小,umenshatsya,A2,ru
умножать,乘，乘法,umnozhat,A2,ru
университетский,大学的,universitetskiy,A2,ru
уносить,带走，拿走,unosit,A2,ru
упаковывать,包装，打包,upakovyvat,A2,ru
упасть,跌倒，落下,upast,A2,ru
упражнение,练习，锻炼,uprazhnenie,A2,ru
услышать,听见，听到（完成体），听到,uslyshat,A2,ru
уставать,疲倦，累,ustavat,A2,ru
устный,口头的,ustnyy,A2,ru
утренний,早晨的，上午的,utrenniy,A2,ru
утром,在早上，在上午,utrom,A2,ru
учебный,教学的，学习的,uchebnyy,A2,ru
ученый,科学家，学者,uchenyy,A2,ru
фитнес,健身,fitnes,A2,ru
форма,形式，形状，制服,forma,A2,ru
фотоаппарат,照相机，相机,fotoapparat,A2,ru
фотографировать,拍照，摄影,fotografirovat,A2,ru
фраза,句子，短语,fraza,A2,ru
фунт,磅（重量单位），英镑，磅,funt,A2,ru
футболист,足球运动员,futbolist,A2,ru
футболка,T恤衫,futbolka,A2,ru
халат,长袍，浴袍，工作服,khalat,A2,ru
характер,性格，特性,kharakter,A2,ru
хватит,够了，足够,khvatit,A2,ru
хвост,尾巴,khvost,A2,ru
химчистка,干洗店,khimchistka,A2,ru
хлопок,棉花，拍手声,khlopok,A2,ru
хобби,爱好，嗜好,khobbi,A2,ru
ходить по магазинам,逛商店，购物,khodit po magazinam,A2,ru
холл,大厅，门厅,kholl,A2,ru
хотеться,想要，希望（无人称），希望,khotetsya,A2,ru
худой,瘦的，差的,khudoy,A2,ru
худший,最差的，最坏的,khudshiy,A2,ru
хуже,更差，更坏,khuzhe,A2,ru
цветной,彩色的,tsvetnoy,A2,ru
цветок,花,tsvetok,A2,ru
целовать,亲吻（未完成体），亲吻,tselovat,A2,ru
центр,中心，中央,tsentr,A2,ru
цирк,马戏团，杂技,tsirk,A2,ru
цифра,数字，数码,tsifra,A2,ru
чаевые,小费,chaevye,A2,ru
часто,经常，常常,chasto,A2,ru
чего,什么,chego,A2,ru
чей,谁的,chey,A2,ru
чек,支票，小票,chek,A2,ru
чем,比，用什么（第五格）,chem,A2,ru
чемпионат,锦标赛，冠军赛,chempionat,A2,ru
через,穿过，经过，通过,cherez,A2,ru
честно,诚实地，老实说,chestno,A2,ru
честный,诚实的，正直的,chestnyy,A2,ru
четверо,四个，四,chetvero,A2,ru
четвертый,第四,chetvertyy,A2,ru
четырехсотый,第四百,chetyrekhsotyy,A2,ru
четырнадцатый,第十四,chetyrnadtsatyy,A2,ru
числительное,数词,chislitelnoe,A2,ru
чистить,清洁，清洗，削皮,chistit,A2,ru
чисто,干净地，纯粹地,chisto,A2,ru
чистый,干净的，纯粹的,chistyy,A2,ru
читатель,读者,chitatel,A2,ru
член,成员，器官，阴茎,chlen,A2,ru
член семьи,家庭成员,chlen semi,A2,ru
чтобы,为了，以便,chtoby,A2,ru
чувство,感觉，感情,chuvstvo,A2,ru
чувствовать,感觉，感受到,chuvstvovat,A2,ru
чувствовать себя,感觉自身状态,chuvstvovat sebya,A2,ru
чуть,稍微，一点儿,chut,A2,ru
чуть-чуть,一点点，稍微,chut-chut,A2,ru
шаг,步，步骤,shag,A2,ru
шампанское,香槟酒,shampanskoe,A2,ru
шар,球，球体,shar,A2,ru
шарф,围巾，披肩,sharf,A2,ru
шахматы,国际象棋,shakhmaty,A2,ru
шерсть,羊毛，毛线,sherst,A2,ru
шестеро,六个，六,shestero,A2,ru
шестидесятый,第六十,shestidesyatyy,A2,ru
шестисотый,第六百,shestisotyy,A2,ru
шестнадцатый,第十六,shestnadtsatyy,A2,ru
шестой,第六,shestoy,A2,ru
ширина,宽度,shirina,A2,ru
широкий,宽的，宽阔的,shirokiy,A2,ru
школьник,学生,shkolnik,A2,ru
школьный,学校的，学生的,shkolnyy,A2,ru
шоппинг,购物,shopping,A2,ru
шорты,短裤,shorty,A2,ru
шофер,司机，驾驶员,shofer,A2,ru
штука,个，件，东西,shtuka,A2,ru
шутить,开玩笑，说笑话,shutit,A2,ru
щенок,小狗，幼犬,shchenok,A2,ru
экскурсия,游览，参观,ekskursiya,A2,ru
электричка,电气火车，市郊列车,elektrichka,A2,ru
электронная почта,电子邮件,elektronnaya pochta,A2,ru
электронный,电子的,elektronnyy,A2,ru
юмор,幽默,yumor,A2,ru
ягода,浆果，莓,yagoda,A2,ru
языковой,语言的，语言学的,yazykovoy,A2,ru
яркий,明亮的，鲜艳的，鲜明的,yarkiy,A2,ru
ясно,清楚地，晴朗地，明白,yasno,A2,ru
ящик,箱子，抽屉，盒子,yashchik,A2,ru